,t4,t5
0,23.186783465499342,23.026063611790104
1,23.06429408243236,23.024551289832978
2,23.07376014689936,22.96403943492957
3,23.5876038198667,22.978126648010374
4,23.8034955671878,23.083629388788648
5,23.42334651706133,23.174856482702133
6,23.14298201775497,23.11834666894911
7,23.28429811046457,23.04607706523664
8,23.101056976008763,23.0147112334197
9,23.37674465393313,22.9900955829149
10,23.626116981550457,23.0845127216528
11,23.664099515397073,23.19252609963712
12,23.331668718616317,23.16952015659593
13,23.726790672880174,23.20280820655817
14,23.69597782547857,23.313690264778113
15,23.71535428645269,23.362039072819012
16,23.55614982166066,23.34738344858663
17,23.801024539459178,23.34292993610235
18,23.402526609823088,23.333978560725363
19,23.3356074548782,23.24437205974537
20,23.53581932176189,23.17664191263276
21,23.736913654212213,23.192110231914825
22,23.55441551993793,23.222729708061767
23,23.365130266680985,23.23205237602893
24,23.410895423365925,23.15332791364893
25,23.796226561845398,23.17818903731117
26,23.833277979447736,23.245210831206226
27,23.670686735911307,23.334389746367197
28,23.65923096814221,23.301999450404164
29,23.58753999525932,23.262915872594014
30,23.4133578084522,23.16762096137865
31,23.403672460834194,23.154265014105768
32,23.700416622066736,23.186597423056988
33,23.875157906197128,23.299224805392523
34,23.604355135140924,23.31971985187419
35,23.48381886736981,23.30931185154732
36,23.632617161731638,23.293206008872264
37,23.74762007317087,23.33183191031732
38,23.711287135022307,23.35120452335055
39,23.941599656274885,23.31933675279641
40,23.49993782028832,23.314642278653487
41,23.455318949788182,23.23674429630089
42,23.73550807782259,23.21544844292448
43,23.70403395250105,23.223288140280534
44,23.67159120427264,23.259064185301323
45,23.347501433564467,23.265421907270273
46,23.568356156090182,23.23207767631456
47,23.85684045324693,23.26715397394286
48,23.557807093870235,23.282708556382516
49,23.82710452539975,23.309429313121683
50,23.76556974462093,23.44359364497536
51,23.908073058773518,23.428608476118544
52,23.828153532245555,23.453372441928483
53,23.37255221549614,23.437256294092702
54,23.633355170009533,23.31117646067629
55,23.45448039937771,23.323164709566683
56,23.64118273310814,23.334218590785238
57,23.70177578803791,23.369482449315914
58,23.806729267454816,23.393489816774
59,23.936035985278643,23.441485414627234
60,23.600162005866288,23.530357488752788
61,23.787045520354944,23.468096338966564
62,23.532187428370978,23.4420690741786
63,23.477923845167517,23.395596506636878
64,23.597735883340373,23.373062733909478
65,23.533830543050204,23.346554223412646
66,23.522062990867266,23.31567669223305
67,23.482033088539392,23.317703089139954
68,23.680222958060018,23.28795918483593
69,23.518149863152733,23.31399290028577
70,23.343651430178948,23.301942761274038
71,23.686998542882485,23.31274983543393
72,23.609283708758863,23.32721181355523
73,23.736235291771198,23.368297783345923
74,23.83712625270564,23.452840215449484
75,23.820939328063336,23.453733081739067
76,23.442803433456675,23.44902789614521
77,23.743566762162533,23.38328958172564
78,23.574618516472462,23.42099382889327
79,23.418575358834914,23.346442431318287
80,23.70614417286827,23.33844879627823
81,23.300163003646695,23.33229913662315
82,23.53908135058452,23.273197031413652
83,23.51645751476609,23.278356674402925
84,23.611351981138156,23.332361335928567
85,23.63729012623375,23.37037178121017
86,23.23731875469685,23.34290306626399
87,23.733453841412697,23.28940263275425
88,23.33393746426643,23.34817679877924
89,23.494357141176554,23.283100984928907
90,23.50427205675092,23.3190449413718
91,23.58735239235979,23.3167928543442
92,23.803004418271122,23.380460832876768
93,23.590761069366465,23.40468132455937
94,23.667242286852108,23.42504235461118
95,23.99325116307359,23.47647824256964
96,23.50204427271093,23.565882203367963
97,23.48058117278793,23.41343718554489
98,23.702825353713003,23.387772169409644
99,23.85954078660827,23.433972980475932
100,23.704393599131365,23.46888315135127
101,23.93451518137961,23.499632646647054
102,23.85801959398644,23.529033809708785
103,23.27587360384547,23.50368269086468
104,23.36195921791597,23.42170552229878
105,23.78626477195116,23.407305411205225
106,23.34582051424972,23.41782242891051
107,23.28272181402454,23.30813850615685
108,23.64382788549716,23.271584019638446
109,23.79429113778121,23.38393545492197
110,23.65520827763925,23.435793320161448
111,23.37237012253604,23.4051678740215
112,23.804832409090057,23.35976849877293
113,23.693274835317336,23.412179512030164
114,23.493949916869337,23.404120191937427
115,23.563000640151877,23.35114120079686
116,23.66452800540229,23.368068280337265
117,23.70154722935749,23.374831563788966
118,23.56014889392666,23.45029040762755
119,23.394187853691268,23.3931075680432
120,23.55846161023263,23.323547509267893
121,23.358114181511226,23.35938064494491
122,23.06202651929462,23.31504563993477
123,23.46810542663118,23.284053091149612
124,23.65317538320876,23.35734503476641
125,23.437924122752317,23.381113772878734
126,23.857531313247552,23.413478926428752
127,23.4818926935992,23.46648047270657
128,23.47624747955369,23.45415297376932
129,23.506125340830497,23.41577383467362
130,23.526419654733008,23.395448623042178
131,23.53806864765876,23.38379401324525
132,23.619424564837388,23.41598542710895
133,23.43297177631321,23.421368041835883
134,23.37280868914526,23.379697085810452
135,23.394341427956878,23.30757859267911
136,23.67177193486594,23.33218454845569
137,23.448497749238523,23.32828435931259
138,23.48558320678256,23.328906529726854
139,23.40895892614988,23.331347882517363
140,23.76655699252389,23.355317134883393
141,23.4008183586968,23.40987875083848
142,23.395491697362786,23.310466254727732
143,23.303131343520175,23.285894668118853
144,23.14539769435352,23.24308946311431
145,23.50679946470312,23.215402467952337
146,23.35465891940877,23.27765244152279
147,23.110626122562145,23.27085406302028
148,23.537937788463392,23.238730820932282
149,23.283427237079138,23.2484722334721
150,23.518461265393228,23.279204170358074
151,23.678223243343957,23.35073045834129
152,23.51177833472672,23.357993472962338
153,23.46674303744127,23.396629194769286
154,23.41821464058239,23.332475263123
155,23.421963350596727,23.293589876420608
156,23.32870778785052,23.284492105423165
157,23.324467693580605,23.2682777867212
158,23.428340255715284,23.275174305330466
159,23.19403957118876,23.24295429555807
160,23.045334820705296,23.17818412882231
161,23.27888401502513,23.16080459452098
162,23.37774710815403,23.168772547774463
163,23.303272957448765,23.178108456415853
164,23.36392955907099,23.21474652807237
165,23.403850505149546,23.22205538122037
166,23.222659527144017,23.214250980806302
167,23.339293116408854,23.19544108594091
168,23.34667710992949,23.218547204776158
169,23.651837816169266,23.243055836878447
170,23.43631060405221,23.28527003900493
171,23.41253145761561,23.25840788562007
172,23.40133474348694,23.25285877735121
173,23.46144226601689,23.25641240290133
174,23.13817372625475,23.257836775768514
175,23.25598041048397,23.16202295960268
176,23.321669046463036,23.16422461513733
177,23.654585919507014,23.194766968498502
178,23.521972381944646,23.22720708119328
179,23.55049072162748,23.252029294598678
180,23.95056128765044,23.33320780611875
181,23.20769506493106,23.307264076393214
182,23.19848927748712,23.19277170794977
183,23.51258394325684,23.20763646782268
184,23.222021882435108,23.202599158749226
185,23.2420940806752,23.18624426062971
186,23.32173484062956,23.159116932088164
187,23.77886066472793,23.243763130795887
188,23.46456004197791,23.253452062043554
189,23.099501138849806,23.247703881575195
190,23.44578539688885,23.20452504733907
191,23.29331164097406,23.23600018224432
192,23.556796879718892,23.247481331466407
193,23.03082365296369,23.23029494735568
194,23.202170288935214,23.183881679438525
195,23.45999620837585,23.20818914032264
196,23.362156044865927,23.28686095844205
197,23.25484607011175,23.24253897637082
198,23.34312653058648,23.207742777631374
199,23.272433143916803,23.23198769733846
200,23.45478582389091,23.25100146650823
201,23.12909579764781,23.260724831057054
202,23.33402006830725,23.19700370115621
203,23.056510243148733,23.18117720034833
204,23.17834326304433,23.10810924952464
205,23.069910380271306,23.105513887352586
206,23.03087666261117,23.07438817646841
207,23.265303869403372,23.083406702708558
208,23.12300370930339,23.08532070934368
209,23.120356496454573,23.07543481649395
210,23.221490764610433,23.101710156594724
211,23.186676597952534,23.093019370418318
212,22.99241750136889,23.08328627409265
213,23.036839091024213,23.0767114901089
214,23.015736295652214,23.043875316005828
215,23.255727066301645,23.06534934325963
216,23.14493206919314,23.083115128977017
217,23.175491940428586,23.09405549174484
218,23.004261059282182,23.06428464831314
219,23.08929346442273,23.02322274268435
220,23.281091097643408,23.049145112322332
221,23.32058379155467,23.09460482705082
222,23.26543117752235,23.120141665273827
223,23.223984499432863,23.116189654535194
224,23.259402479519753,23.13952506954316
225,23.27558617053431,23.12505237778818
226,23.33094123993187,23.160050756293696
227,23.400399499350772,23.186715879828448
228,23.17299654109705,23.191489047536393
229,23.162567817777727,23.111441713143073
230,22.957796608771623,23.06126990009017
231,23.16320361717759,23.063469942292514
232,23.25554743705224,23.09095532795246
233,23.147275528875674,23.086605135403552
234,23.160766290418767,23.070184340258926
235,23.297669421939386,23.07988466544336
236,23.20066565372077,23.12933780029662
237,23.275694105679197,23.11008203166533
238,23.27512641143329,23.129162104828968
239,23.255262224066968,23.1507033488544
240,23.036718876446038,23.108643981819
241,22.978426564827505,23.070168397045823
242,23.3237959832448,23.08674452847497
243,23.30673858748158,23.12136458813173
244,23.08982821118063,23.11522036112068
245,23.30673432387876,23.141064535687253
246,23.013384904255144,23.10712282192852
247,23.225051698988594,23.04497066835733
248,23.258333202089286,23.075972302546354
249,23.04474090309587,23.100132128021002
250,23.015081305312968,23.07544142120244
251,23.277697511998205,23.07225856897654
252,23.129901892802078,23.10897432054251
253,23.127900303234444,23.10828615178779
254,23.115193293355503,23.093656790241752
255,23.06760462204459,23.086396439775104
256,23.231083265436016,23.12090932281281
257,23.304564311013394,23.166078706737718
258,23.16620991870561,23.17089637282136
259,23.07537039163435,23.143733813890343
260,23.009596902545,23.143059295873204
261,23.23750383587752,23.127180513941678
262,23.404374685741853,23.191961910850395
263,22.878507230694947,23.191120347434715
264,23.22784765908894,23.10303139374617
265,22.99389240123978,23.10037498657071
266,22.908526739878607,23.03478747904957
267,23.146289240482226,23.050641963212648
268,23.15108831492928,23.07953138681657
269,23.324011690307874,23.109540810278748
270,22.90855138725133,23.150693358657588
271,23.193476367922372,23.054219129354703
272,23.115508960557776,23.084875588907394
273,23.261445437451936,23.099702742133587
274,23.106996606729933,23.102569057684452
275,23.15678197857893,23.091812058902
276,23.215169306281876,23.14442111266336
277,23.18804643682188,23.127997221110462
278,23.156291566400785,23.14982978025177
279,23.072498887654252,23.139543799732603
280,23.250806187986907,23.14250171648832
281,23.339401479411396,23.1721894332115
282,23.30076533987457,23.244296991181432
283,22.91549785269033,23.179826117025147
284,23.07476878595372,23.09307812819139
285,23.329455334164766,23.13176072960073
286,23.30882150713343,23.202625462754146
287,23.07384657510329,23.189732706922694
288,23.09152105295489,23.108752588054013
289,23.31304460651424,23.09759071595741
290,23.251989655551306,23.177482409676447
291,23.15515552378521,23.150185458828073
292,23.030790975645875,23.135177442883787
293,23.08312250325278,23.09296224845449
294,23.11969621326477,23.074563415256844
295,22.92458508026793,23.05523068019577
296,23.303299433467533,23.06338227896867
297,23.53883298801713,23.15595379816455
298,23.945588306501133,23.348868867808427
299,23.524242766538983,23.46866430730317
300,23.17966807186717,23.37275124231532
301,23.629024020894494,23.258375170675354
302,23.515161091406068,23.297322586281442
303,23.731965987587103,23.35359130056169
304,23.38921730386241,23.395750629619197
305,23.5294612256546,23.36812594902576
306,23.631000718024545,23.355864590406163
307,23.614420723119224,23.370929603776933
308,23.456513666116447,23.361592821977894
309,23.619325645148297,23.34246103007412
310,23.688379999440226,23.380822807697786
311,23.691940587384966,23.449583068232442
312,23.73961801875269,23.492276921081643
313,23.81131824688281,23.50065999168189
314,23.76370952775172,23.508424422651892
315,23.46767024310816,23.49586083675118
316,23.47769239533421,23.47975666712561
317,23.461607671605282,23.43242994203998
318,23.546649750193364,23.39606262594491
319,23.4225888513002,23.380811326225015
320,23.540311415916978,23.368099557672586
321,23.47444218387132,23.41001036371457
322,23.54675673690763,23.411017161514845
323,23.525004889211157,23.436261623209113
324,24.070978513820556,23.46246424070157
325,23.461321420726648,23.555785706232772
326,23.643748009760326,23.501412864856487
327,23.30484128578405,23.465844975389448
328,23.55101817604125,23.434224503259593
329,23.49432081939321,23.442526395542306
330,23.63168810331664,23.426843145181532
331,23.63924707438266,23.4547614625662
332,23.677826687375436,23.462799501778754
333,23.75565302630599,23.481987449186093
334,23.822075872835523,23.522093697947593
335,23.51738644359571,23.51107136159813
336,23.450637263618326,23.444201417663265
337,23.55318815642113,23.436338506685143
338,23.47728870339782,23.451773669394523
339,23.19831795669868,23.418609738641443
340,23.77303692110849,23.368356405830284
341,23.38995014741273,23.424629867958018
342,23.882874514383545,23.46658273611745
343,23.869849331611565,23.521265956091145
344,23.660808830849465,23.568904969626388
345,23.44797258836968,23.526597334110804
346,23.56355279688529,23.53256082584973
347,23.45921132983789,23.522179741107834
348,23.557541637037524,23.45877045686376
349,23.475927935135946,23.44909841649013
350,23.476871171878013,23.43419347294537
351,23.679811435536838,23.438879708152278
352,23.420439905895968,23.418724286210193
353,23.568411042562552,23.41532470363121
354,23.63090638503105,23.43736859187857
355,23.41486725252678,23.41030769607116
356,23.798691831446103,23.41245920546695
357,23.62638570310589,23.470439133454914
358,23.80797524757893,23.50937120545691
359,23.859228530596514,23.551480227739766
360,23.23830663018673,23.546990593210825
361,23.586497515508746,23.40722784185355
362,23.408389403055164,23.425947361721892
363,23.416437457179732,23.39835829382465
364,23.594778497637762,23.358598024658672
365,23.857895983243882,23.43297245624239
366,23.696799060270532,23.489309338633948
367,23.789200211601656,23.547690947585764
368,23.378019278122448,23.51094799702992
369,23.167162994442467,23.45248304940495
370,23.592348647232065,23.38910665226677
371,23.57286578124744,23.40346595037271
372,23.410313044166266,23.39350536066509
373,23.399546050714594,23.35223294319767
374,23.604241531905387,23.34653285783175
375,23.585423558711835,23.38912190148473
376,23.830165801330523,23.42611039247348
377,23.500765165668287,23.50462450222198
378,23.76593837836585,23.47209633071132
379,23.316702448510107,23.428753640403947
380,23.329607602292644,23.340076501563487
381,23.901208291379746,23.372186915402217
382,23.626024973138986,23.52831590178534
383,23.861858238177863,23.494210065361518
384,23.952390516825595,23.57493976069161
385,23.297537363489322,23.60452272438012
386,23.52585167395793,23.43859161298165
387,23.63131718931271,23.45408359958014
388,23.72829865508514,23.48695038086675
389,23.83408477908257,23.50963807908288
390,24.041261664744557,23.57165910639433
391,23.725319773684173,23.682539021007162
392,23.68036520665575,23.61669904833979
393,23.506011372489308,23.52211026737925
394,23.672599196749967,23.498028473826647
395,23.59201359731541,23.49392533056932
396,23.71619972393664,23.542151053571118
397,23.853386069870854,23.593265475428254
398,23.56236754243836,23.60991517985689
399,23.56079994658977,23.51204597621151
400,23.64995434256746,23.51093355574475
401,23.363477226040867,23.49787214752875
402,23.643716744776157,23.44767646978934
403,23.272228180171318,23.446575683028414
404,23.42940363972637,23.38906801676508
405,23.48511737234809,23.420511441949838
406,23.19157371848684,23.398919951853557
407,23.632203373720337,23.38303439327839
408,23.57884135447864,23.470098717945447
409,23.517352226015092,23.52810020731792
410,23.623661421051093,23.501273892738656
411,23.77513990312078,23.530764965075218
412,23.51143347079598,23.555251014514152
413,23.60847529238443,23.52874301054341
414,23.373999395735982,23.541044933523164
415,23.492715477641557,23.50732028428721
416,23.32737592024089,23.466018477116734
417,23.30866774162049,23.461952250387693
418,23.541557897731728,23.424941883681768
419,23.37004749550005,23.437881247593133
420,23.545969049703736,23.43516940224659
421,23.3048603636055,23.46676443165161
422,23.218395203924647,23.379603790906852
423,23.370511925127712,23.352943782440754
424,23.28045358418655,23.341639189753078
425,23.428890147663502,23.35250957919189
426,23.205072625497014,23.366014989452896
427,23.38228937161221,23.347995748360823
428,23.625718680969747,23.379875416772734
429,23.41300925130961,23.398700026566573
430,23.666568231244717,23.43862639688785
431,23.453965381117488,23.435617449380807
432,23.632534154789425,23.47704914482577
433,23.47769793343688,23.46235344047719
434,23.44554855015345,23.456092342058092
435,23.519429455209732,23.46155491548971
436,23.488239325395174,23.44976015290045
437,23.465345667109986,23.405125494200487
438,23.431679727657976,23.43339039997522
439,23.310426806096807,23.37917073270641
440,23.34916820005714,23.391680951276804
441,23.31994711358168,23.36154093463863
442,23.135003296662106,23.34485303063363
443,23.437455884754378,23.30844748463525
444,23.12086628455277,23.31864983694533
445,23.345567640601782,23.31368442354447
446,23.793760717659374,23.377701806594448
447,23.52054591654313,23.42978171383333
448,23.133689491197075,23.4634706641826
449,23.656175867165324,23.43097746391023
450,23.4146254012228,23.42841470093421
451,23.33100784122571,23.42889591460419
452,23.298372910094198,23.42665569705096
453,23.556711984078174,23.44379578529623
454,23.396800176389302,23.42118591118977
455,23.723928070054768,23.45349771669095
456,23.271601614398012,23.43354615431135
457,23.323026299509696,23.398636518138513
458,23.416417604643094,23.40842450401897
459,23.66468814923996,23.4542102435122
460,23.29298500638382,23.494924038984127
461,23.051085849012352,23.390958104714517
462,23.38872469890164,23.29978401403772
463,23.318387794483186,23.32769814196937
464,23.590009421877635,23.365661955471076
465,23.357877935622028,23.370107566375125
466,23.32461015146,23.357004731415767
467,23.336423257639176,23.359142912842216
468,23.303427251517896,23.34740007698837
469,23.11647210579376,23.31475876364873
470,23.67007246894001,23.32344064263249
471,23.501214446037178,23.429008927247004
472,23.546138345866705,23.42643443164545
473,23.24209964299077,23.406262773444386
474,23.06824623564651,23.380632775050262
475,23.38175472955762,23.31457835626833
476,23.395141034554293,23.307417603078534
477,23.262519746216856,23.31972650671377
478,23.375014490014305,23.32502890488067
479,23.644914131862354,23.398151037465077
480,23.29050952456529,23.39794892091666
481,23.310695622975587,23.36298005937544
482,23.29562411412673,23.32801205640893
483,23.279888397384767,23.32744710162209
484,23.35802230486877,23.373611488888372
485,23.066786408489786,23.317641605163768
486,23.28761313871008,23.303912995501236
487,23.46939743987659,23.33135502974563
488,23.30286527709312,23.390544716630806
489,23.39236878065391,23.37270860334845
490,23.3867765236967,23.35640426410095
491,23.637054263806235,23.42339978344387
492,22.942781977414214,23.374110687882194
493,23.118047704488454,23.221625613148536
494,23.424148143234984,23.261139101245874
495,23.27389524107717,23.261794409929628
496,23.46617898137755,23.279259373205534
497,23.92835755847321,23.37563916576778
498,23.649389420090063,23.47278584917903
499,23.191176804064284,23.43580364011982
500,23.20259626014823,23.334253425010857
501,23.208970836113075,23.305658499376932
502,23.28921591712916,23.23801559267428
503,23.198294075849947,23.27506447790773
504,22.90318384934588,23.20618177951652
505,23.23981817564701,23.151424518570252
506,23.303905493462004,23.193631365744338
507,23.55357094479381,23.276250057791238
508,23.254313374007648,23.319208424168497
509,23.09418995553338,23.274434314736858
510,23.133822160681714,23.24008495046377
511,23.10662947326169,23.24092327925333
512,23.212236539969656,23.184159888700147
513,23.26829565634313,23.202517390399017
514,23.083920187060947,23.262764904959226
515,23.39205087196361,23.23743640172669
516,23.198093128030337,23.272882395172573
517,23.182477933337463,23.264515720535588
518,23.030845681684394,23.228636016721467
519,23.44637604066515,23.261492147381396
520,23.223829519482155,23.33772438141075
521,23.004552922349376,23.27074483147653
522,23.24744861139018,23.251692644207647
523,23.090034063625158,23.249182291266532
524,23.09725371511273,23.20602410461103
525,23.24949593978879,23.218503928306323
526,23.255504453112483,23.23977648055861
527,23.153492201724386,23.22818528998879
528,23.009436612294106,23.19278677308265
529,23.453822884428398,23.19936530255869
530,23.257930870580353,23.25050276465739
531,23.048565354763113,23.254721172985377
532,23.519839400141983,23.278477540358423
533,23.0467217742145,23.314028137135853
534,23.14689730270328,23.226852903689203
535,22.988015500063423,23.16850737667125
536,23.01881487394937,23.13053495499797
537,23.05520974663856,23.11005089364632
538,23.100024885846896,23.106684790196194
539,23.12386806083429,23.154087742814585
540,23.100079363936292,23.151418923259047
541,23.196901708574906,23.168709872178674
542,23.014411608348475,23.16784139799176
543,23.02412633861249,23.159482318816327
544,23.139358253241053,23.16510368693153
545,23.216893633033372,23.183568796970693
546,23.235542819363364,23.222803829779128
547,23.013184474917725,23.191778804672843
548,23.171805622841358,23.17218397753845
549,23.258528523085328,23.19573504490552
550,23.19756433871809,23.214451054884982
551,23.13042380218856,23.23243861885231
552,23.155139961855394,23.21111452081707
553,22.964196791810604,23.1911847140314
554,23.348222425366554,23.184083179426626
555,22.95928330567829,23.18981916207633
556,23.44590284705195,23.228439746796926
557,23.068059062956905,23.255261552843546
558,23.03693315657857,23.239854458114518
559,23.419977907773532,23.214907776054783
560,23.049967773424374,23.27033148192554
561,23.148005968924252,23.19336402100263
562,23.080506341310574,23.152560356412028
563,23.104170433390326,23.15568617124309
564,23.026184640822635,23.173318106487642
565,23.039642641566203,23.149593974462363
566,22.80868576589925,23.11464484619067
567,23.269628572630612,23.085458339417
568,23.35702626003204,23.175551794748287
569,22.980161897310747,23.18446084381928
570,23.523050727884183,23.20316608566193
571,22.970216091144945,23.24952668808383
572,23.05126289916104,23.17075283415377
573,23.27042685890595,23.166558583038373
574,23.118257429676966,23.187708197088398
575,23.252354855182233,23.204858994087928
576,23.189396196647497,23.19128925972184
577,23.000252264491767,23.198548251319853
578,23.256965074088324,23.166863493876033
579,23.06394804601728,23.210538778923894
580,23.130542441507203,23.156971012584467
581,22.977763640874446,23.133064584481613
582,23.134704993944112,23.086125726978963
583,23.243054493172842,23.1412230302981
584,23.50785703451705,23.2167489461908
585,23.386288344074234,23.25480768551621
586,23.569945857950312,23.30230404285657
587,23.575623713004003,23.387303955371994
588,23.55850656784323,23.4179989787237
589,23.436744188142622,23.41363987531825
590,23.772097696319214,23.42101375246233
591,23.628631921610666,23.49180186502789
592,23.75541621549324,23.500091656086425
593,23.83075356330955,23.53374096341722
594,23.72962736401014,23.577095889626776
595,23.827156742882337,23.592508818052764
596,24.052986308558275,23.64663057299732
597,23.678935997447105,23.699560890237738
598,23.62933730417122,23.591719186687182
599,23.419428523092552,23.50359722847415
600,23.906830657106052,23.488053084219388
601,23.65003163175409,23.525898266710488
602,23.762404314367537,23.5494128802361
603,23.787041767705755,23.584456755847484
604,23.747742015814236,23.59967985992812
605,23.742310951724235,23.60610437761729
606,23.929328084472733,23.63447376486156
607,23.709880400657767,23.648069530624056
608,23.4201751663843,23.58357864194582
609,23.35380283864207,23.50385268276877
610,23.96144041684041,23.469798023789238
611,23.781662182626203,23.57296284388114
612,23.955460373742923,23.62167283389599
613,23.91467072648009,23.62734011208888
614,23.73763067875052,23.635630650853553
615,23.66007703643295,23.61767627631596
616,23.509136938574947,23.583774196584663
617,23.33568827834674,23.455124900276534
618,23.76395290722839,23.45068713210014
619,23.42221372219059,23.492876047556024
620,23.548756137552513,23.45843573550001
621,23.589265070866237,23.44175685245723
622,23.63322203321153,23.467314906433984
623,23.56820321654117,23.45481164190441
624,23.72713288970216,23.49944261773129
625,23.44676429230605,23.48755161332418
626,23.199781140600624,23.42780417280545
627,23.46057555534901,23.31904903194043
628,23.70167790794631,23.393272047459845
629,23.98909148174533,23.435577696341557
630,23.55843879269257,23.47589051326333
631,23.407210137178996,23.44471557806028
632,23.59531752969321,23.381819236780434
633,23.56584916918311,23.416336424436732
634,23.51747662428432,23.419694949171877
635,23.585871543482103,23.41439852703095
636,23.32707407137666,23.44332883303016
637,23.643374800313968,23.386071789361853
638,23.460475767938853,23.448016467433572
639,23.613276096766054,23.43709537255085
640,23.60435325292537,23.48783492942159
641,23.709830452901965,23.510823175423198
642,23.65772372022382,23.538442111420746
643,23.510177542787986,23.545758770799928
644,23.633328527127198,23.48158418693727
645,23.54200307182884,23.454235211894822
646,23.337529806400465,23.435258618041306
647,23.55497880274876,23.394333451059108
648,23.471185471058515,23.422150255728358
649,23.397060073271675,23.38088833861755
650,23.52815075882207,23.369869599808375
651,23.502877693971072,23.38229330917377
652,23.72678114021243,23.39998109659191
653,23.502041092914446,23.46222681256747
654,23.64957375801489,23.45085515495388
655,23.581634676685862,23.468586888685888
656,23.890990939050432,23.446418997176078
657,24.035674440925995,23.53903248222273
658,23.62772801575457,23.58413639943209
659,23.67639520531909,23.54219775293349
660,23.42279600597511,23.52070093319601
661,23.56872831943381,23.471799164735785
662,23.624709635280038,23.46499028315988
663,23.753716592423054,23.505380830786052
664,23.68604123186143,23.51758100862841
665,23.818299864356128,23.52021450469471
666,23.56167137502625,23.53815358182921
667,23.477615124401755,23.501971728431467
668,23.800134595015567,23.52029430239736
669,23.658029836425857,23.534859259303012
670,23.34371189099391,23.509009496630767
671,23.68648429330317,23.466754218394126
672,23.70158288158043,23.53675050196237
673,23.702322169361487,23.56598035954995
674,24.12051230599954,23.58077025671556
675,23.745080930914305,23.64018780519237
676,23.82670410323495,23.6355015605575
677,23.649251838933,23.618305132125396
678,23.44944332693071,23.546544948491764
679,23.698123906404014,23.45478308192429
680,23.285594175837048,23.511938844154987
681,23.765822648944997,23.471065366814088
682,23.47591440491939,23.48504062339014
683,23.36257884314284,23.463070029167238
684,23.84197471565464,23.43559765522151
685,23.53567561671073,23.502738984333682
686,23.797518008640914,23.50396423291923
687,23.84530891574729,23.59947839505275
688,24.149078560819078,23.665645879743337
689,23.489760372804252,23.670283618590933
690,23.631936983146954,23.620516699843613
691,23.664771603482126,23.598233395769498
692,23.62945040917689,23.55133140572537
693,23.75023690354548,23.570100458381496
694,23.316660797759805,23.55606839796404
695,23.65340434803512,23.47151348670861
696,23.4742247088096,23.48988233202013
697,23.514415193014244,23.467764863951203
698,23.70694113752391,23.49477547219264
699,23.657889360868,23.52515952123188
700,23.23987442757997,23.512907715377665
701,23.460270103330153,23.45169054776061
702,23.45362175259245,23.43717949464109
703,23.702115150861484,23.4524171050436
704,23.83783313002975,23.52836874331989
705,23.226571493470807,23.585298338544607
706,23.50447095391539,23.444656922336478
707,23.413472110341612,23.44523813016066
708,23.29687456591473,23.435100474339556
709,23.36240314629189,23.39020308189525
710,23.55487557706839,23.41091599792687
711,23.54114423506961,23.44424885878749
712,23.476107111534013,23.44853690349643
713,23.54909129493347,23.451307097110377
714,23.317269786222372,23.48383443234324
715,23.38684002024173,23.44473296271908
716,23.723232657036746,23.498113462300445
717,23.48637570168644,23.529895607007074
718,23.407865884939604,23.50560965104943
719,23.509211950648226,23.4577064087112
720,23.24332493356081,23.44052640781268
721,23.4120534486793,23.39102635729993
722,23.37050855328361,23.373185558321985
723,23.263185168379145,23.34926782254157
724,23.490750310229178,23.32812686735594
725,23.609426897223397,23.374686845866236
726,23.59774877981235,23.425687104816976
727,23.60789607248812,23.43580246120957
728,23.268478138228932,23.418502948732023
729,23.423081343336438,23.38211515580861
730,23.5938779426842,23.3875759847918
731,23.341068808295148,23.39173290854442
732,23.381411493948445,23.34123409971405
733,23.23364936901245,23.327673635319663
734,23.377515022659153,23.295266995101628
735,23.407082996867643,23.346558910470876
736,23.127566504284182,23.31104025867541
737,23.54819313399037,23.28328678125166
738,23.58117006996814,23.368984564395713
739,23.43871489762591,23.42581370902929
740,23.5284406194813,23.414162902470387
741,23.44513693217299,23.39921424779468
742,23.550181737324554,23.412921788443235
743,23.35155899325755,23.380888622523088
744,23.096199392036,23.3491769166988
745,23.60940001899485,23.28301921888897
746,23.163659030603306,23.27844673346039
747,23.242790467717015,23.237770384200225
748,23.632534913203248,23.246973571155248
749,23.24157440735631,23.25088035637745
750,23.383175684571967,23.221560577540483
751,23.35427629815195,23.238049193715376
752,23.522385651155442,23.282644515026746
753,23.49395141895757,23.29523995823629
754,23.359809033021392,23.29377847734644
755,23.12850634165083,23.25175341917268
756,23.32594553162143,23.17960027681056
757,23.488007370616387,23.205025113665084
758,23.448275428621827,23.24480439620895
759,23.518227971195888,23.292090397918855
760,23.48872605976826,23.29904873044465
761,23.15354127412552,23.222809078241248
762,23.318111526433743,23.18728730155188
763,23.337706917831696,23.18051444303557
764,23.326901184542688,23.167683890818147
765,23.18125317893405,23.139462664629587
766,23.370970823098965,23.15765161277009
767,23.890631733189263,23.201393836952313
768,23.175278922434146,23.17374254125807
769,23.12602919533774,23.12535550722568
770,23.139206349484766,23.093657785814447
771,23.305482654855084,23.10073271049459
772,23.138336500950533,23.116365144831963
773,23.29658176246048,23.11573202276727
774,23.496418889728044,23.156661983717648
775,23.1914323691571,23.1785029013077
776,23.55601993439569,23.18119543538495
777,23.146871199777497,23.137887967612482
778,23.382893235651327,23.159948137639407
779,23.132912873727538,23.13276972526523
780,23.194598991428474,23.098584984942466
781,23.22709790633308,23.091961605670253
782,23.40312999554091,23.114000562817267
783,23.31334448672755,23.11432463206501
784,23.396570403484553,23.12004012260085
785,23.25984545360897,23.12782072088128
786,23.49002112583705,23.158504289356106
787,23.361911361694908,23.16767380365784
788,23.228064999090826,23.098345075679212
789,23.328510053650408,23.09338701801132
790,23.35005696573772,23.089143330617556
791,22.99639403956723,23.04371382337789
792,23.35989556922973,23.02771280961257
793,23.01171547981174,23.021244464419908
794,23.32497875671929,22.999501402573728
795,23.05546134572132,23.04019766363871
796,23.491621952590087,23.03450986498668
797,22.975517427729873,23.09176195369512
798,23.25914408177149,23.048162824411758
799,23.394699768397327,23.100811258232326
800,23.25544168266292,23.118528054904107
801,23.316005804682998,23.115182104933638
802,23.085463001295913,23.075449798369718
803,23.08065762644149,23.064120906260953
804,23.73943798749925,23.110803461600472
805,23.36633217695565,23.13862428762489
806,23.75493691356163,23.177210205225443
807,23.014509138577072,23.16230988822346
808,23.46602776676977,23.14266800539887
809,23.04986986103369,23.1427849113162
810,23.101100393838216,23.094240553164052
811,23.19852583196668,23.05965332732276
812,23.158860968991732,23.063100448380016
813,23.17505331750629,23.050917431573076
814,23.02725063394618,23.027543180570568
815,23.192583498995447,23.024388469219517
816,23.016661083188854,23.018596913169517
817,22.92722910719748,22.994977432351533
818,23.259703584550643,23.013398107245173
819,23.354674253612288,23.05321219002913
820,23.36693924716014,23.105877777538584
821,23.096758987581143,23.13273654821648
822,23.376857272324628,23.125736571255878
823,23.238971639602962,23.12622266813293
824,22.98592965431254,23.067085419380426
825,23.22793807360216,23.038136134744573
826,23.20964184900645,23.05648582036861
827,23.01755119210637,23.035668283980204
828,22.997853947565822,22.993785296209715
829,23.183935459889582,22.99347826267477
830,23.209451041037997,23.026960478827906
831,23.331692930275675,23.062805326809983
832,23.188709967957983,23.075538067668013
833,23.010749749647054,23.02301742399439
834,23.29819966177498,23.020665023217987
835,22.833104932920666,22.96544058505428
836,22.898580245670967,22.910956649395672
837,23.09739177067852,22.892933012633772
838,23.134364107581035,22.90691236970297
839,23.15257158023571,22.916768409851088
840,23.258857224218197,22.963896516561398
841,22.85557793599564,22.948729640015213
842,23.00282814377605,22.849950937200536
843,23.068834913350678,22.869759884013337
844,22.955075889520195,22.8609905097121
845,23.14043603914401,22.856179055277252
846,22.955081954117013,22.86775137254665
847,22.97485316318212,22.848290615634504
848,23.210997778190237,22.882318400258452
849,23.03347830069152,22.932119092486573
850,23.081630975128185,22.89102866295401
851,23.32008471606513,22.915022825538877
852,23.30492292044168,22.96660792378307
853,23.064903570198588,22.943366832737283
854,23.18293731006609,22.95550614113689
855,23.283954049572266,22.95918312037859
856,23.230939710306306,22.944639386836553
857,23.426741305752397,23.01827720835351
858,23.201795076194447,23.048539421523376
859,23.18754057792137,23.003955796940627
860,22.999872715660896,22.93909188294905
861,22.963007429954352,22.9101456996855
862,23.294953429368697,22.923195875368126
863,23.32200134806863,22.95819271104476
864,22.970983708226772,22.953657243611907
865,23.23804277742393,22.91682384092263
866,23.04349315379989,22.914474155881557
867,23.20105594057184,22.89489828863662
868,23.20428625996325,22.904999264390092
869,23.339517590476376,22.932833249923505
870,23.07392337148088,22.885517036435818
871,23.31209701333225,22.84799618776989
872,23.19916418150352,22.89459034031693
873,23.535204729879922,22.94618236821005
874,23.311381826233703,22.983752730059727
875,23.3252094123733,23.00497597243377
876,23.79153536453093,23.0090110040479
877,23.074645312299122,22.966261076475853
878,23.35835539296248,22.88566496255941
879,23.50561972785785,22.9499889606288
880,23.176780816561113,22.952325346967267
881,23.321291673033727,22.889937468465124
882,23.34994127156404,22.887767791548395
883,23.40962615735187,22.932393379198032
884,23.755852058512602,22.98697210092289
885,23.477379399534698,22.95261516587551
886,23.360046186410994,22.96652561900785
887,23.565897534434303,23.028659206925827
888,23.204852904587803,23.007877594924693
889,23.22842524538485,22.96801682192994
890,23.366224372612947,22.964503142428395
891,23.231162922006785,22.98754946179936
892,23.23031726550168,22.96896143115046
893,23.49673887077293,23.001498766103488
894,23.466496036828474,23.027527476131638
895,23.311989504993115,23.05099713662277
896,23.090938758475733,23.036136289129445
897,23.59709350335243,23.00387293458321
898,23.300326726034736,23.09692814506807
899,23.0636729499633,23.033364514667568
900,23.377841543971854,22.97110014323257
901,23.232046909176265,23.01711539751873
902,23.60845652527859,23.04938434011456
903,23.371620488389503,23.126452748025432
904,23.650365819265822,23.14275286584441
905,23.237496575083195,23.07340189213123
906,23.4807117442886,23.04284316636907
907,23.431906478717607,23.068025077544068
908,23.81618876357437,23.104243711768977
909,23.34657594573132,23.13419903892188
910,23.574111247045593,23.14375247711347
911,23.61490555021977,23.188698554158783
912,23.42978925717369,23.167715606352054
913,23.480657766764345,23.158072769164978
914,23.415264960412546,23.13772839076789
915,23.355808425668574,23.09765095418828
916,23.30807109871141,23.08215282130132
917,23.29987768066185,23.04440254024557
918,23.283695768305694,23.059484517972148
919,23.6082384389768,23.094232009624573
920,23.38714729443242,23.130308351458503
921,23.286017251765088,23.091468132424044
922,23.871446244043426,23.060538424072032
923,23.57535686873993,23.126347363781573
924,24.036963978688625,23.190068109528127
925,23.171117637525505,23.148968316914825
926,23.142587121107315,23.00567930645961
927,23.30036413033529,23.00042738945611
928,23.397974929742688,23.017486984488468
929,23.271214450944022,23.03817944930429
930,23.337641735294962,23.030844663594408
931,22.942012714629865,22.984359832256807
932,23.13815063745521,22.8590227827516
933,23.051743977248336,22.894160664418717
934,23.0963622124617,22.88071440121909
935,23.048456969598927,22.881872941232906
936,23.039228718507104,22.90261717085662
937,23.21689498758883,22.876941693111377
938,23.214666863865485,22.952131290485873
939,23.191436103556967,22.95804436515691
940,23.125867157175694,22.943761611535106
941,23.12546426897828,22.95814389305597
942,23.39513892275135,22.97411449679987
943,23.298057439417768,23.05871124180961
944,23.08882339082521,23.02184768874561
945,23.35299354486111,22.99814433176836
946,23.38445699203016,23.028703422380985
947,23.209907615050305,23.03476885271153
948,23.33414990830861,23.021889683791176
949,23.10258677916722,23.04146812704756
950,23.073574369918745,22.964755684270486
951,23.1435663020945,22.930089309230993
952,23.10135147926092,22.92573612100636
953,23.142129627909927,22.927728908451773
954,23.095183750809497,22.91533844275116
955,23.09002518823629,22.93599729367246
956,23.143913812802246,22.92395635907548
957,23.350385881201035,22.96364769718597
958,23.35482070090097,23.022821786917984
959,23.147052633176138,23.037035279924737
960,23.26526209531103,23.0600005386188
961,23.039787391466252,23.045670405610085
962,23.111908367558684,23.009982688743648
963,23.11392452552063,23.01858358391217
964,23.243614012395657,23.031189996047484
965,23.037871007916173,23.00752537743022
966,23.312849115251545,22.98304464684035
967,22.97916810003241,23.044288855529512
968,23.084881417477003,22.96526111165603
969,22.864232125886478,22.95975041443845
970,23.06772863731027,22.92822868896492
971,22.891718152754677,22.935897176252013
972,23.06629579265501,22.930308293848864
973,23.049622527090158,22.94842076493971
974,23.355734614762028,22.983160826597306
975,23.109890174008928,23.068960991071425
976,23.3516281337352,23.021600168224424
977,23.041754290074586,23.02759386144359
978,23.12198581728169,22.988453879098863
979,23.261371802162977,23.02997037864533
980,23.187295652526625,23.052064292361752
981,23.271783247435604,23.061294903884352
982,23.13544520792901,23.04352136897057
983,23.052108809478185,23.00283486544525
984,22.87742775217084,23.02145793299951
985,23.18841426090425,23.009909513034376
986,23.21320856380169,23.06667953129809
987,22.94929090323265,23.043915327099754
988,22.975991971191487,23.001500244969712
989,23.073536693686624,23.00947840521066
990,23.24857788695002,23.0585198823275
991,22.89762493011223,23.07414090612628
992,22.974674083998238,23.05840508493111
993,23.02282670494904,23.047171261438198
994,22.84543694181756,23.03987048207514
995,23.22795883338128,23.03621840577907
996,23.155871690055065,23.068258678601108
997,23.40376323832173,23.15830190309957
998,23.10491135779843,23.128615529530872
999,23.11302217856862,23.17133236459861
1000,23.285520043814305,23.14896361703277
1001,22.9657684546891,23.119889166478195
1002,22.753854714181408,23.040202984969177
1003,23.024177808686872,22.975385844350804
1004,23.22329183442251,23.03096599032137
1005,23.008679617173897,23.065953827807302
1006,23.096922318321656,23.045060791025378
1007,23.109400871180227,23.067260792185067
1008,23.19393361489781,23.06610636920497
1009,23.10949371555231,23.09755765054337
1010,23.240918702763675,23.08509679326868
1011,23.05540336882887,23.11968227268016
1012,23.13479225259793,23.077499726817656
1013,23.02547497435641,23.070330089461397
1014,23.02299831948678,23.03634911420548
1015,23.028122581758765,23.0196822868851
1016,23.253781070568234,23.082912830194612
1017,22.86177505493097,23.05605265052477
1018,23.089760368459658,22.9803507915243
1019,23.166246235584307,23.017203139763776
1020,23.097950625970892,23.05468264676664
1021,23.218508490451452,23.090345813078688
1022,22.96787661428416,23.054156056770182
1023,22.966073424570173,23.049842199589357
1024,23.079596095116976,23.004950462633428
1025,23.15999134592056,23.04885722217836
1026,23.297878445316787,23.111171451876263
1027,23.151216610151078,23.12757901198119
1028,22.909016156410903,23.070422053614287
1029,22.93091432121304,22.977829336020122
1030,23.189148085426588,23.025630205694604
1031,23.01459449603085,23.04524021087728
1032,23.139905734468883,23.017748942602
1033,23.039519994612466,23.000319182292905
1034,23.05832950412766,23.031101733001236
1035,23.037399724602203,23.012729753304342
1036,23.025797308561696,22.98290470653223
1037,23.019149715004872,22.97670615329419
1038,23.036213927694217,23.01715882560086
1039,23.11670539955145,22.975621967867678
1040,22.973984405046767,22.9850132275634
1041,23.02069860732109,23.018779063492087
1042,23.06087534152244,22.957572470898523
1043,22.964769593228965,22.99738560188969
1044,22.822652826754126,22.917588517281946
1045,23.264085211676502,22.969229227387363
1046,23.211333308792163,22.99903415274576
1047,23.057008186669517,23.03330612606948
1048,23.160095674494137,23.014726469434773
1049,22.71804595084425,22.96511856036773
1050,22.85849664565195,22.918202656880627
1051,22.82414724856028,22.898600637197532
1052,22.823237604450213,22.829403700534893
1053,23.04505337985968,22.85527711300816
1054,23.20208526072319,22.919043216102896
1055,23.15741476913403,22.96022429139833
1056,23.034184545852,23.016693155534906
1057,22.85530331255196,22.954783452114967
1058,23.035910281278486,22.89750197880641
1059,22.88837801102499,22.908394842171607
1060,23.04235213858519,22.87243075695368
1061,23.11033883706861,22.9145822497682
1062,22.80609126952033,22.902648657937625
1063,22.83513888097016,22.832802998807892
1064,23.00167151096117,22.821226894104893
1065,22.716237356379906,22.831103417350345
1066,23.138481346897912,22.842292814503153
1067,22.878249144228352,22.856598149792266
1068,22.64730181739203,22.825312123929876
1069,23.14741263266079,22.79970155628466
1070,22.75779393244815,22.844474980255235
1071,22.83906987939476,22.82742779535904
1072,22.956309007142742,22.816033740332106
1073,23.193321279262943,22.87472364012098
1074,22.762856551228705,22.90066315017497
1075,22.853903554781628,22.809371711730556
1076,23.21167208392354,22.854580434517608
1077,22.79861035786862,22.895237048885907
1078,23.046670200940977,22.8265300591385
1079,22.804113394571605,22.830180632896518
1080,23.157850447669805,22.81870685523025
1081,22.821001987556286,22.78656812181775
1082,23.107574805009204,22.862855862781487
1083,23.120671265878002,22.89064250551265
1084,22.99631383738562,22.861730794364554
1085,23.078839650920425,22.842508076095122
1086,23.081144730725693,22.85937922114975
1087,22.694155013815546,22.80570377454821
1088,23.068504181133648,22.73585242625089
1089,22.92230390998353,22.771239156084913
1090,22.77090570830953,22.758415300883087
1091,22.884843593414324,22.732166919444328
1092,22.93806363172925,22.76010549476632
1093,23.12541641963562,22.805010517125982
1094,22.7864049410612,22.80310170477602
1095,22.79668239026184,22.72395758775993
1096,22.82089741042831,22.73123459149488
1097,23.162905078071784,22.77067299043201
1098,22.89487019395724,22.836370288340703
1099,22.78171595019187,22.790750739931315
1100,22.832777862228127,22.761156918461474
1101,23.08549043103639,22.79794207665506
1102,22.87112428929093,22.83923636206399
1103,22.75114255462719,22.784358921235665
1104,22.96255192818759,22.735528836988287
1105,22.81239633887753,22.73828857514853
1106,22.97933093433677,22.73008264555746
1107,23.149326670300717,22.806289994777497
1108,22.89502879867085,22.81217612410107
1109,23.042873532088176,22.825689472543758
1110,23.173752729253,22.843459788771966
1111,23.02349501709897,22.885307511458894
1112,23.307957093268925,22.916501077169823
1113,22.957672292769875,22.910890178248692
1114,23.039035825003772,22.84248531782209
1115,23.17517928196805,22.867277669540982
1116,22.749139467242475,22.81528591268596
1117,22.94183430288733,22.760524704042894
1118,22.974197601206328,22.757332155188752
1119,22.79508984268986,22.74215895577117
1120,22.922325676527358,22.748102967902927
1121,22.842185231926532,22.766960362397324
1122,23.203560208328533,22.79895111806352
1123,22.671201364569093,22.7712359502944
1124,22.81124164048894,22.738835328453952
1125,22.915995314768228,22.717604501862827
1126,23.17278487280963,22.787189503785356
1127,22.943688225593995,22.813540293814345
1128,22.913323691997288,22.81084707553441
1129,23.054027760934872,22.801144981330513
1130,22.99396782889256,22.845838120900808
1131,22.93424373824006,22.828644753925058
1132,23.12807410703158,22.818109103181467
1133,22.9306856800536,22.842390108677968
1134,22.99997460158956,22.85344068163393
1135,22.57690523396684,22.79462441785035
1136,23.18883624053861,22.787582959149827
1137,22.98438253921949,22.89702320712501
1138,22.98833078888649,22.874395672597327
1139,22.69657107485899,22.81774268612997
1140,22.6727841682585,22.76780546514935
1141,22.91116521093831,22.786590424800163
1142,22.793518199050457,22.799320616077342
1143,23.08193928034472,22.804982802460465
1144,22.750745636681252,22.80255876538597
1145,23.049254144673995,22.822087359277038
1146,22.71536697233128,22.77660732161336
1147,22.767270109711195,22.74903257181386
1148,22.880162567843765,22.720300965369464
1149,23.123794096134084,22.810295112176213
1150,23.181866689599676,22.86221525049329
1151,22.80476030021183,22.86548568068297
1152,22.93445012479097,22.81013790151677
1153,22.93835646002037,22.801152343634485
1154,22.746046505925523,22.769560651353608
1155,23.01417099955211,22.75230613662303
1156,23.193251188385982,22.83054041687914
1157,22.658562584121576,22.817584080100602
1158,22.892422083911075,22.78171597937034
1159,22.876563989258266,22.768404799088305
1160,22.939787362015228,22.76247667905049
1161,22.794882346739396,22.76081204609173
1162,22.599881374838343,22.697377667607803
1163,23.08184536308876,22.69227500289391
1164,22.815792011590762,22.766789318012762
1165,23.10947915053302,22.77265787446865
1166,22.702138596140266,22.78175879529965
1167,23.073971645039702,22.74324591178957
1168,23.12019133485456,22.80159994219736
1169,22.69803718452925,22.7885663917103
1170,23.011089104193893,22.736920962218658
1171,22.70943329557176,22.70653580284515
1172,22.83360100184667,22.726038273461164
1173,22.86912219021317,22.702897002580038
1174,22.594098288047284,22.677538199251018
1175,22.94486520149727,22.631771774388014
1176,23.140197599724544,22.742510167867998
1177,22.98535151124873,22.769415643636197
1178,22.866881648411464,22.75046799587264
1179,22.92030776776962,22.75638696883612
1180,22.99843524547352,22.714446632353678
1181,22.72018680945325,22.72516974477562
1182,22.703381212085233,22.67013255554781
1183,22.85028227019093,22.660293943112546
1184,23.08684406766201,22.685351322814608
1185,22.956349577485213,22.766642110028485
1186,22.862305230651803,22.76739739008698
1187,22.656212078879992,22.67710058082169
1188,22.802831228155387,22.63596508276748
1189,22.75927803678425,22.652277291160804
1190,23.17979066134208,22.717459374677528
1191,22.85048925967276,22.78165904445098
1192,22.85400399453147,22.748874535545262
1193,22.88926689064547,22.746410819705787
1194,22.87704621643359,22.75110766999239
1195,22.7152666736276,22.73007992281462
1196,22.8158572134068,22.713536567015424
1197,23.020560338230663,22.74815436566203
1198,22.836373508694678,22.778320014979137
1199,22.739459415123463,22.751274322572797
1200,22.89074960779737,22.71514046451791
1201,22.743965093997367,22.73366742837285
1202,22.77436438121293,22.708329193094677
1203,23.23664616371581,22.78686403285565
1204,23.04670451098368,22.89381535561061
1205,23.12917818342193,22.88647403280175
1206,22.92782406680609,22.915631833306627
1207,23.09881808655749,22.87802801287931
1208,22.892485761925425,22.8404587937122
1209,22.929620739772336,22.82344969074133
1210,22.7167276860925,22.78008446828285
1211,22.680068650595995,22.69785184450259
1212,22.94475685723512,22.72232663305559
1213,22.76475769966555,22.72291245123293
1214,22.945633106190424,22.727680468174515
1215,22.903843230634337,22.739133074588658
1216,22.862632058010178,22.79799621145672
1217,23.03057709946271,22.78918006145456
1218,22.901649696096946,22.845572781144014
1219,22.978236864209947,22.83481644742965
1220,22.97821773712794,22.88052379485048
1221,22.97767283067657,22.88685436025045
1222,22.655366665795466,22.80102408991219
1223,22.58185505493677,22.69457768973906
1224,22.589059732737518,22.65765594138911
1225,22.801575926698884,22.64339875225513
1226,22.89085615217727,22.68586319644671
1227,22.8948326652438,22.719229594819822
1228,22.78847503402677,22.7490635950193
1229,22.762512702643352,22.775617497325182
1230,22.93359074362855,22.777887915577306
1231,22.98881168172295,22.83833697844697
1232,22.86888532329649,22.83315793915781
1233,22.847230608169237,22.789705830350773
1234,22.47862561413589,22.719429150600586
1235,22.898267526368734,22.65593233662013
1236,22.73430379719768,22.67711445963381
1237,22.85715550537129,22.644882922941818
1238,22.72664566307013,22.688425018413113
1239,22.87160170709065,22.702677047109947
1240,22.64900069530321,22.68873704127195
1241,22.78369978648973,22.675197909284247
1242,22.724721940181087,22.6819929136827
1243,22.766227517802488,22.696739985133892
1244,22.9428190925193,22.71695480907189
1245,22.71680007499669,22.72259120170517
1246,22.54838435795171,22.64175542970829
1247,23.043589491882447,22.64167344532013
1248,22.80811310170527,22.742172349181253
1249,22.805526010044915,22.72843003542197
1250,22.773655487132732,22.714359415592273
1251,22.605790088110496,22.65024398700881
1252,22.895565270220885,22.65504149592345
1253,23.021892123824703,22.715825526302577
1254,22.87961234179625,22.758993313646673
1255,22.660184463651987,22.6869114517204
1256,22.8191122980555,22.66972292791036
1257,22.85785072291252,22.691826833213657
1258,22.600128070266,22.64280768602972
1259,22.894714534084287,22.63058851004696
1260,22.863529411511287,22.691028327794598
1261,22.928600404624767,22.69928101150113
1262,23.021816775674488,22.75327465030796
1263,22.97346384854529,22.77215628727225
1264,22.658036598086692,22.759936416771232
1265,22.953566460302127,22.73716311256886
1266,23.12626540641871,22.787400198174108
1267,22.966516572333816,22.82716308885696
1268,22.554096394261013,22.735244463377985
1269,22.869665168013892,22.650544943552145
1270,22.694833849150143,22.684434307058293
1271,22.79339776086553,22.660795988890747
1272,22.82117933617478,22.693063864877352
1273,23.13387326905997,22.745795109431658
1274,22.80162723061139,22.757947645350317
1275,22.61385519467791,22.72101207094411
1276,22.61090406626536,22.6349737426658
1277,22.903540363219644,22.658050335519533
1278,22.892927513591708,22.69335772009432
1279,22.805281610908324,22.73627670554347
1280,22.61353460824989,22.70249048138411
1281,22.96955160929561,22.68565563891927
1282,22.868350285944672,22.7123753685782
1283,22.745433924379306,22.736206929659065
1284,22.99623323642117,22.731993335005132
1285,22.543894051110378,22.7081767145812
1286,22.85015399245841,22.64422670533302
1287,22.67883534870029,22.68356288085084
1288,22.897704736531853,22.669886475568088
1289,22.701472142606047,22.704206653323173
1290,22.74741340974256,22.67436501504297
1291,22.460617815205236,22.61323449843591
1292,22.729179724902878,22.639170014186522
1293,22.819194740112195,22.639289856332308
1294,22.781905391884628,22.67541582882161
1295,22.72676836115703,22.6898363169066
1296,23.12169907339242,22.728278114477906
1297,22.729661658948675,22.70718150947937
1298,22.72028803389548,22.716134197003328
1299,22.86838200032966,22.732401272025534
1300,22.480890911600923,22.67328625541547
1301,22.809482326921977,22.605766194516267
1302,22.56875460767848,22.61677106680693
1303,22.442917017777216,22.564448472694078
1304,22.85420584534155,22.59026210234871
1305,22.82034908784678,22.63442819561335
1306,22.7424880059772,22.63198214707995
1307,22.84423979840219,22.679790538033338
1308,22.78107001448536,22.687951827920504
1309,22.89535356640399,22.69772001640649
1310,22.781361885633803,22.69819171684702
1311,22.78717665573087,22.684271851390704
1312,22.9804921609828,22.68728792465641
1313,22.636240742506256,22.700006285203013
1314,22.94368927145023,22.664362981896392
1315,22.766391986127065,22.702462064282088
1316,22.77088306250045,22.67387312737261
1317,22.714658242102853,22.63841600211043
1318,22.89037825248227,22.65129511504436
1319,22.683518158042087,22.63024680251192
1320,22.89305086988498,22.662135593816128
1321,22.848321818544864,22.64793664481256
1322,22.652618510664894,22.638519940395174
1323,22.71883581232738,22.57899522620384
1324,22.987427937152273,22.59945555191795
1325,22.848747485256233,22.626514407586818
1326,23.032974147441568,22.717842929269924
1327,22.883800731746987,22.70985467363221
1328,22.7273823908216,22.641919368111928
1329,22.501128483238244,22.60764444131176
1330,22.842381140173288,22.54286371057259
1331,22.82958748783544,22.578905316333927
1332,22.82501371613918,22.599577811658282
1333,22.611586255450195,22.55493771625305
1334,22.98140052855809,22.622653148929786
1335,22.68782642360485,22.61702558301268
1336,22.87191210100998,22.60028240035813
1337,22.636915999154528,22.54738837526269
1338,22.636190230225658,22.56017974661848
1339,22.89532968550159,22.590348765088983
1340,22.76730482835649,22.57587359493148
1341,22.8763297469662,22.579852948873683
1342,23.06619454491984,22.657097843068772
1343,22.738121116114737,22.65675382000932
1344,22.78035353793214,22.62618446075405
1345,22.761412568668,22.597109303524707
1346,22.99045383985155,22.627471407962908
1347,22.819414124583545,22.66308329513236
1348,22.884807193358327,22.671845922771286
1349,22.927689066318692,22.700089806851
1350,22.851242714274544,22.70710811350521
1351,23.178427048711683,22.7577669792766
1352,22.567941877856693,22.755494915585647
1353,22.821147844505703,22.626740178134852
1354,22.55407708103861,22.58585463368205
1355,22.902492581821004,22.6174496620931
1356,22.72200588929277,22.64369186464211
1357,22.872336389833322,22.62366498398201
1358,22.91502606787416,22.652122985435643
1359,22.922851803793243,22.707667588409947
1360,22.54940210988153,22.6743191085118
1361,22.970315875254997,22.69342682531241
1362,23.18578945199334,22.776317554949173
1363,22.99559228104014,22.833951534418233
1364,22.61863517145705,22.71973033743457
1365,22.756680335963456,22.699653620562323
1366,22.686588013172045,22.659250307342592
1367,22.980593761735737,22.649006202415336
1368,22.902959411531874,22.675139806096865
1369,22.68912879021655,22.62792042041563
1370,22.86401677799984,22.66267015102977
1371,22.88789937381383,22.680645993304356
1372,22.528990074178623,22.64337775345335
1373,22.678385072263346,22.579617338250532
1374,22.779135613192693,22.528071027636557
1375,22.986350421068078,22.594848826275243
1376,22.98438005132013,22.639355496061178
1377,22.878849631294305,22.680652674964872
1378,22.80126274837718,22.63199738729997
1379,22.87836956185272,22.67252198940217
1380,22.69680139986673,22.61452924426839
1381,22.778134560686933,22.55659561567118
1382,22.85063489751967,22.61837934556591
1383,22.92188712879745,22.61222405547945
1384,23.028280360337114,22.68935522603871
1385,22.9293947734555,22.68008774298707
1386,23.165690575608483,22.751946679724607
1387,22.90687719288684,22.76863989407452
1388,22.938798140591462,22.74418117682477
1389,22.83895741032192,22.71099270886361
1390,22.72673379637177,22.65143029247179
1391,22.69410422698945,22.578678864408154
1392,22.891058737996946,22.566362720112014
1393,22.72552507029985,22.578509514817075
1394,22.87826539775236,22.596273096197766
1395,22.97803417937793,22.66267901628432
1396,22.765952034238,22.710283282523307
1397,22.68326106900372,22.65012624123009
1398,22.949572052482672,22.702756045948878
1399,23.221749554789906,22.770861550996948
1400,22.70438671723608,22.749563369676274
1401,22.809979635649018,22.696051551379856
1402,22.836737211873732,22.66364718502268
1403,22.611729439165405,22.68367683084303
1404,22.72904021580395,22.62814743350887
1405,22.825605827302237,22.655584895734318
1406,22.734457412919287,22.679103987605963
1407,22.904112586082768,22.7211879089146
1408,22.915629407002516,22.76283787049513
1409,22.990894414753946,22.80982203734817
1410,22.64407440607047,22.784261346292208
1411,22.80008397809579,22.69357855107101
1412,22.62747483580852,22.73000934064969
1413,22.78764477873225,22.705564611097984
1414,22.771415627198035,22.739688704711362
1415,22.75588944998941,22.695921668426177
1416,22.42487871359585,22.712034803859748
1417,22.96497949711441,22.651637619678826
1418,22.582771488373407,22.663244006286828
1419,22.678090649580522,22.67676126198965
1420,22.50291251906117,22.64467115172905
1421,22.69245668813756,22.6560034014639
1422,23.002282945751208,22.71568687830144
1423,22.62155107655089,22.77255882586317
1424,22.490865197823954,22.68142996514936
1425,23.032956504881877,22.69774867623621
1426,22.8179486426796,22.76925407322792
1427,22.74286759211861,22.764980247103058
1428,22.94749667748145,22.764199345876108
1429,22.57224317556009,22.71748015009151
1430,22.74170143871909,22.711245107793488
1431,22.922961397905784,22.740032080342303
1432,22.82097164032023,22.78114408070973
1433,22.674338538194274,22.730678599158306
1434,22.999857048960546,22.7628415439528
1435,22.822304445560512,22.793287364135104
1436,22.997998902164717,22.79735243389193
1437,22.737527178183733,22.80652329487225
1438,22.830967447316127,22.77331959196977
1439,22.803103840734767,22.73119654911861
1440,23.08775584720873,22.768997030844673
1441,22.91372297438503,22.83659787131074
1442,23.122421763069678,22.828219221873148
1443,22.85933136909197,22.82212242846574
1444,22.821168740191045,22.770805897119835
1445,22.92000033129945,22.731405758495306
1446,23.27922370193722,22.813337303110682
1447,22.917173190678522,22.83478233998764
1448,22.759736798403512,22.748887466940133
1449,23.24200627516653,22.79866062120709
1450,23.244645497341065,22.89436697947885
1451,23.24189977373765,22.950975467181024
1452,23.61852626946617,22.994031935311213
1453,23.6558575277357,23.1153558816574
1454,23.40627628510059,23.10009965293793
1455,23.64714371181357,23.12789684345161
1456,23.47870647869652,23.190881593449394
1457,23.433788106878147,23.15527149522111
1458,23.45652007801732,23.1412493978123
1459,23.61506779047009,23.124608264375052
1460,23.47262997757267,23.17129192377481
1461,23.50369832479353,23.17576287115002
1462,23.69770984577097,23.17709426508359
1463,23.49109136799035,23.13694530959981
1464,23.692636041832195,23.137266509880853
1465,23.376368885072885,23.120705959954858
1466,23.4138034509775,23.07566197324227
1467,23.22883083126495,23.06783142798169
1468,23.554543690485172,23.04055784070971
1469,23.45539747411707,23.06171795269929
1470,23.510065104759626,23.08156409021395
1471,23.41490553438255,23.07505635949737
1472,23.58114095569523,23.025050412667238
1473,23.58172427474272,23.05934401048625
1474,23.431614731518827,23.099061947992702
1475,23.692033701827164,23.095689597993587
1476,23.56748016685265,23.10540889562614
1477,23.3833513562529,23.148567263180798
1478,23.56487607197193,23.13575750056362
1479,23.538280186264164,23.142182109480487
1480,23.592360647113928,23.166672279417
1481,23.63895401786782,23.20220761716847
1482,23.53767331142875,23.19936023722331
1483,23.590529823866877,23.16165505703511
1484,23.54448913215073,23.1787122634598
1485,23.164696228387214,23.104625450222674
1486,23.40164190324572,23.069584738291567
1487,23.536990759603015,23.083503523479905
1488,23.525698491857163,23.11297008821091
1489,23.450469603134408,23.120480394408087
1490,23.70647258528165,23.15126787472099
1491,23.673515382691523,23.21002429108173
1492,23.74103279217511,23.24638497896281
1493,23.714668121410885,23.27956460121085
1494,23.82379514608337,23.30901160966146
1495,23.814286414929533,23.308277767176858
1496,23.63538772752135,23.34634228186359
1497,23.532205894168957,23.304512985274787
1498,23.36666987075389,23.24030729242283
1499,23.59502030479381,23.225950563086123
1500,23.258722229377145,23.22547990290596
1501,23.59810041684115,23.175720038703066
1502,23.192351437624804,23.15252049931781
1503,23.68351649566616,23.082788994696546
1504,23.35347121132349,23.124043101595788
1505,23.75016635817591,23.17277942282177
1506,23.35140960711732,23.28470608318533
1507,23.97653007680205,23.26394776008071
1508,23.806191810293303,23.33542516992156
1509,23.4285908848507,23.30921435849836
1510,23.72797615877078,23.297873489289174
1511,23.367279284265088,23.313541785081725
1512,23.87465818899079,23.297765214954573
1513,23.503778337717772,23.30042957212709
1514,23.41872413322177,23.245749293137173
1515,23.56497180493823,23.234053037688327
1516,23.562528332468663,23.272721353868203
1517,23.68078835064168,23.300610828510088
1518,23.38007627700921,23.31838271374573
1519,23.181812939831786,23.24663074957588
1520,23.61861011788104,23.201330892616443
1521,23.668001605718704,23.25358739381219
1522,23.32664295137105,23.25989929747912
1523,23.52322697037539,23.222584051766486
1524,23.372778133692172,23.24390443126892
1525,23.458883765566373,23.232696829431553
1526,23.422931295493946,23.181877797492447
1527,23.383293156522488,23.21423786156715
1528,23.26142453561345,23.21778217423676
1529,23.29549131473,23.15230808883637
1530,23.659047708154176,23.160846352234483
1531,23.55148818827377,23.22166349558621
1532,23.554256930389503,23.25955568357772
1533,23.6498146441609,23.269380346660146
1534,23.603570844199535,23.348327724802452
1535,23.40900674065623,23.365397859184817
1536,23.605467961529268,23.305496634797553
1537,24.054517322267014,23.41544003985691
1538,23.745407206343717,23.48859082141529
1539,23.38794831735725,23.49782031899581
1540,23.596513138658967,23.41157082487728
1541,23.35433066708431,23.36790039119575
1542,23.530604199931048,23.34085818064652
1543,23.80482827405391,23.401042468036362
1544,23.55201287312868,23.419232758521556
1545,23.507290903936468,23.424406097575716
1546,23.385381319509346,23.41590305930081
1547,23.74025349024931,23.3697601083135
1548,23.482398563863594,23.393697673102608
1549,23.382478499456678,23.37580873799849
1550,23.858702915742768,23.37966359964917
1551,23.936008085082182,23.43238305884
1552,23.670898037782717,23.49202896264761
1553,23.536462584439544,23.46316771968629
1554,23.426280355774175,23.42326933410769
1555,23.538646071094185,23.38072402324936
1556,23.19565792106924,23.355102870348002
1557,23.38426831425724,23.29502170670281
1558,23.39537542558575,23.257634218013877
1559,23.70138102213186,23.276218380538296
1560,23.306350398638514,23.28841110333992
1561,23.36387023193625,23.25900667344343
1562,23.34288842488101,23.243533656902947
1563,23.39601942521235,23.23731698972372
1564,23.502523703952694,23.26994073095829
1565,23.424903031030606,23.29987331292521
1566,23.38102351302446,23.32791603113229
1567,23.654217395818982,23.34093322665667
1568,23.219131211501022,23.31982190182601
1569,23.401182291177296,23.279698391589122
1570,23.506352262930797,23.312012899432588
1571,23.461104993141085,23.323942430817556
1572,23.156104239098905,23.288387978928434
1573,23.33395876585445,23.24764715933147
1574,23.456154902916595,23.260950280360785
1575,23.113634092177755,23.23187525158381
1576,23.06562088167672,23.17536140934928
1577,23.50966308057404,23.147537474664198
1578,23.271010636854943,23.21269111156623
1579,23.09925115499885,23.16005745763454
1580,23.313435062280327,23.12493072808396
1581,23.78814595430687,23.20795494522321
1582,23.49047496155109,23.245204501654488
1583,23.185229703608712,23.27822845378943
1584,23.23968707832149,23.202783434320327
1585,23.29089083502809,23.157818022696585
1586,23.02746115019217,23.148215219979363
1587,23.269752894533877,23.105414166832123
1588,23.19581841745944,23.157759411482438
1589,23.41232192071851,23.166363161741987
1590,23.141433560771322,23.203273943941852
1591,23.16247977985973,23.17826017760332
1592,23.317940652981328,23.186404015754523
1593,23.08902866496348,23.16213438845
1594,23.39923615883898,23.15320667442993
1595,23.61980731274269,23.187700770805336
1596,23.681381610058175,23.207026086228122
1597,23.11072146483533,23.223088971394077
1598,23.630034790092267,23.23084090552947
1599,23.14366944251421,23.223119868641128
1600,23.26862377235397,23.17917255865573
1601,23.19355714450093,23.162435136915736
1602,23.16184907749209,23.15530222919304
1603,23.08684895728068,23.104641628361808
1604,23.45480475818882,23.1439723176888
1605,23.076951086980987,23.18609155868504
1606,23.068693810317217,23.110757295713444
1607,23.226655364362273,23.09926888771541
1608,23.41094100377605,23.145871160467138
1609,23.08645936602819,23.16225592153214
1610,23.584480626685192,23.16252655669493
1611,23.239167031168684,23.17025078983625
1612,23.303018301939996,23.19003898878601
1613,23.208930391346488,23.17776486733043
1614,23.32318041723897,23.18069443904993
1615,23.133568715501784,23.20360993485465
1616,23.752642670196924,23.21951229393496
1617,23.23051040250809,23.31086035639221
1618,23.037584692954677,23.240680704013553
1619,23.04156385413477,23.122459315457487
1620,23.179368440890087,23.11643830948299
1621,23.21116055704681,23.149394392379453
1622,23.320209978498397,23.183787451305427
1623,23.486775992389997,23.251080820867944
1624,23.1234544547786,23.279126876261635
1625,22.887474877672076,23.18459814126417
1626,22.99086436988912,23.13452966875775
1627,22.973562334652872,23.107302219916072
1628,23.195151997195097,23.09014985789321
1629,23.388795843604303,23.1570494260012
1630,23.19497688103279,23.19721082052719
1631,22.97287149591725,23.154266301187377
1632,23.1701347515025,23.14621479880937
1633,23.215905011039705,23.160109694835572
1634,23.18164400840495,23.175583316790746
1635,22.914291445692967,23.15436601707498
1636,23.03062806582167,23.11902781239717
1637,23.28200797395297,23.123706195311602
1638,23.138491258757767,23.177682809503665
1639,23.179421777506928,23.166289175192
1640,23.21862484178709,23.16522188070267
1641,23.17145925342407,23.15209516984036
1642,23.173313121364412,23.13656037277814
1643,23.12094211852891,23.129838752735058
1644,23.001823244039308,23.13139860225379
1645,22.91861769390594,23.07554756037188
1646,22.98706916480381,23.00914260239881
1647,23.461566314449463,23.075405364265052
1648,23.273089610590482,23.16947841072079
1649,23.116210799747854,23.174669026235666
1650,23.070161342829394,23.10124442001339
1651,23.120716551526023,23.06334650728038
1652,23.40216394411805,23.118776386067772
1653,23.039911426015863,23.160813638415902
1654,23.101634065231185,23.06113177375084
1655,22.939896603197703,23.017426858950838
1656,23.0836114547683,22.99355660861371
1657,23.25656510975074,23.05531746868221
1658,23.063461212573962,23.055693836294235
1659,23.022695972554857,23.04873573049096
1660,23.111014909877447,23.02685516948343
1661,23.12213744182963,23.050457300497204
1662,22.9411831435545,23.02677930773877
1663,23.19294922983793,23.008092457849664
1664,22.983799631373984,22.99877595453432
1665,22.82828935066092,22.97747441402657
1666,22.989913091583876,22.91797518791132
1667,22.863533812209027,22.9097972419962
1668,23.205563996075654,22.92507568752551
1669,23.074687623298754,22.97351829176004
1670,23.07456172715225,22.998703370209583
1671,23.182338008912467,22.9824583273781
1672,22.84235207239604,22.960206854982466
1673,22.99691600059916,22.936448491693138
1674,22.85551835242445,22.90781025724577
1675,23.142709886278233,22.90804761549525
1676,23.153853822312122,22.93791355525773
1677,23.049438839478487,22.94254075395253
1678,23.06744044815105,22.959981332092234
1679,23.03093689603922,22.94610782732449
1680,22.97824406971021,22.935907712663106
1681,23.314025602253704,22.986804651118998
1682,22.989103214041506,23.02310366123229
1683,22.898636805318517,22.960454557309042
1684,22.860025716936175,22.93105326679068
1685,23.03913455965729,22.923444038437058
1686,23.44214490387555,23.02104971161965
1687,22.867856684113807,23.0810040939928
1688,23.08225734953085,22.99223099517015
1689,23.21136068855045,23.012690930142888
1690,23.159115017840968,23.060832716224947
1691,23.206753552690483,23.062465381849552
1692,23.15848085830454,23.06508750006621
1693,23.28917627946048,23.082953160954183
1694,23.167323525146298,23.08948422659237
1695,22.939097102511248,23.040780780342835
1696,23.08793881842579,22.98844867985632
1697,22.94452690367413,22.9641174909058
1698,23.376899132272747,22.99954098174473
1699,23.009101598349446,23.03415349774751
1700,23.091271265130505,23.026275810660128
1701,23.24350385744626,23.02770001513469
1702,23.107721927838053,23.053706329285607
1703,22.883023762994238,22.98533252262773
1704,23.25257523286608,23.00009247395665
1705,23.01478250292035,23.028089112794234
1706,22.694476020113967,22.921052686219785
1707,22.968874783650648,22.889216138112392
1708,23.122764493349965,22.9246014729287
1709,22.981060378160624,22.92901194146451
1710,23.03013098011527,22.91355330453824
1711,22.94321383016656,22.911641766438297
1712,22.986378196734734,22.916307391757684
1713,22.940015484084945,22.900571503627692
1714,23.169083538321754,22.89390561620118
1715,23.05423993282464,22.961157989632767
1716,23.134101289415394,22.99424998668267
1717,22.809605535908947,22.96952386655765
1718,23.199783727864524,22.942201491833853
1719,23.155319078476964,22.99205007081263
1720,22.923057591868663,22.967832806048804
1721,23.229124315630703,22.973648984038498
1722,22.955910873413444,22.99986305063504
1723,23.020218460696274,23.017573200441504
1724,23.053216020795034,22.97200627697473
1725,23.109488580255704,22.986366406011186
1726,23.24351702042947,23.044975496209286
1727,23.376240117061037,23.0834817047133
1728,23.14108098675641,23.10152969799018
1729,22.872858014620185,23.004591453311768
1730,23.14059756584719,22.980440951233078
1731,23.249951202559377,22.967948661391077
1732,23.15789270974523,22.99543296600248
1733,23.087894973761223,22.96579686423732
1734,22.840095875955054,22.876965388978896
1735,23.167509486100112,22.844695708619927
1736,23.412141516403647,22.876643152192827
1737,23.453863360399872,22.974490937186605
1738,23.594023296742098,23.089356299002482
1739,23.6899091694318,23.175704670267468
1740,23.72906579445408,23.216861240947214
1741,23.50787202853053,23.178257435232855
1742,23.908536344742235,23.20347227222162
1743,23.671515629750036,23.260191950197488
1744,23.76964214028873,23.28056214244055
1745,23.63742069059632,23.28994839552751
1746,23.44107877956511,23.266864720501264
1747,23.654636221359077,23.215326551607557
1748,23.663824030007053,23.23612237979221
1749,23.80384467539341,23.223647697107573
1750,23.751388917992,23.246610637752124
1751,23.787089227804586,23.262270457775536
1752,23.734421089795013,23.304505001598077
1753,23.928927384555337,23.34160087817269
1754,23.906286897522868,23.32682808496077
1755,23.40198874360617,23.30221566260385
1756,23.626899268100104,23.246178080545498
1757,23.339518812591496,23.21839839184896
1758,23.57748740549529,23.148526036459298
1759,23.66036314795877,23.148081673444963
1760,23.586999695760678,23.22667818767898
1761,23.59199691263463,23.23268705846086
1762,23.230221775009408,23.185461532701854
1763,23.56209776116488,23.09609875134944
1764,23.55108578698317,23.16519292940989
1765,23.94027334564725,23.17770632854341
1766,23.710269997395397,23.26192764220625
1767,23.86529239514373,23.285749902614175
1768,23.654858501691198,23.329108271968856
1769,23.963258816196703,23.313850727422984
1770,23.646150637214927,23.366586613476862
1771,23.57014546690804,23.3081652664162
1772,23.52662973534932,23.26925950594049
1773,23.291291183195142,23.2256666862621
1774,23.46903885041862,23.14544963555809
1775,23.562590237796268,23.157879465199407
1776,23.58432559254161,23.217164845334374
1777,23.52852212745265,23.210339521544018
1778,23.82402261897295,23.215302807044377
1779,23.474025625128714,23.26506567478981
1780,23.42386671825244,23.252931832251978
1781,23.81023114906136,23.25273855042212
1782,23.57265845967661,23.283247870195517
1783,23.350960591229395,23.257900027946448
1784,23.65881751861839,23.270434430729562
1785,23.420360698583004,23.284845099969694
1786,23.84949162691629,23.23977181876419
1787,23.36422649832504,23.273039025038692
1788,23.452413050351037,23.189485996429237
1789,23.61171420403848,23.20151545111113
1790,23.472785221923537,23.22858341848529
1791,23.25501976412109,23.203221625459786
1792,23.12837024860445,23.17514854296721
1793,23.50698499643899,23.12919822503015
1794,23.61177494278638,23.23402288048075
1795,23.65631085923261,23.290988680090827
1796,23.68198022910116,23.314801501698376
1797,23.65710192737757,23.367349044105392
1798,23.61149856361197,23.348655586527578
1799,23.95265839673563,23.39419228866528
1800,23.3706296810597,23.38647578079243
1801,23.526998951237783,23.325786941712817
1802,23.44196408412356,23.299379001757497
1803,23.55776820719621,23.29521831251093
1804,23.52758935666694,23.30088754069229
1805,23.73449507975589,23.29418039627349
1806,23.64760489273309,23.33613640511363
1807,23.634973925071073,23.31170930355295
1808,23.25876106218591,23.331742458627037
1809,23.686935988326805,23.318217909500646
1810,23.765103733228607,23.400026310495054
1811,23.695888655211835,23.443668462701744
1812,23.27161353288205,23.41063812851269
1813,23.21771330420673,23.33830209462297
1814,23.63458450204475,23.27776290539667
1815,23.75199309149561,23.354482430414144
1816,23.69999623389865,23.441056057303186
1817,23.47685152127166,23.44869282036337
1818,23.336087019380106,23.363363141004942
1819,23.379817803612298,23.30525327903409
1820,23.55629777460818,23.34716239104229
1821,23.76337190849873,23.40357076598673
1822,23.637760557933927,23.44153987643894
1823,23.91336711174755,23.493035172878837
1824,23.25294781834609,23.55203638530418
1825,23.49008772938071,23.4596862584785
1826,23.4924635927503,23.4249800899193
1827,23.52761950746725,23.36734645979664
1828,23.608215090188523,23.414730864248252
1829,23.885866216769557,23.47128109564601
1830,23.68156776836781,23.555797903444905
1831,23.52764076462655,23.4770454766656
1832,23.337917112820158,23.39769232653467
1833,23.652435797088863,23.37803996726114
1834,23.746863620785238,23.44643193835709
1835,23.952277511550413,23.51720104611925
1836,23.506573619721713,23.58641783997056
1837,23.292174332135893,23.46409970054999
1838,23.580732733678307,23.38764131283348
1839,23.53044981339552,23.4128948082607
1840,23.606711971218147,23.373987959620642
1841,23.363503258428732,23.423784617375468
1842,23.47814889351985,23.380656268159193
1843,23.814832287490297,23.444816473357125
1844,23.177655287649664,23.448857627318024
1845,23.574454469213876,23.369417773345184
1846,23.497411695624947,23.35689096208289
1847,23.365656455425665,23.395618279239287
1848,23.275862153516652,23.374122019197358
1849,23.420593454711238,23.350370561971932
1850,23.776460335525236,23.43031794056707
1851,23.73776987283236,23.47175138286254
1852,23.65477650780811,23.491172362822148
1853,23.638087546062298,23.477388353662423
1854,23.30013582201959,23.47969927234159
1855,23.38306427890933,23.404526655575232
1856,23.286829613886514,23.40126562224913
1857,23.481705522788626,23.374997181327466
1858,23.314710761937672,23.38225721063626
1859,23.473240550840178,23.357522547518816
1860,23.543887015444483,23.38397932047757
1861,23.55591318616407,23.42384475694965
1862,23.52413435021596,23.391321635986994
1863,23.592280085120805,23.443746870657602
1864,23.530963365625286,23.441046065751852
1865,23.61939315003439,23.433598375103657
1866,23.370485036539172,23.455606017555127
1867,23.418315501736835,23.354067515638107
1868,23.66366873485849,23.364800638987326
1869,23.517355183717214,23.441913554505376
1870,23.573857915088745,23.44076486337938
1871,23.24536524488712,23.388356271738324
1872,23.32169848372399,23.346560557344297
1873,23.23227546002098,23.324503895942946
1874,23.36639626435649,23.311060072762164
1875,23.38843232160381,23.27207389932948
1876,23.59788766898933,23.327743366820695
1877,23.26185340901884,23.377811209643298
1878,23.52168245304119,23.34184779841905
1879,23.21730147991857,23.36110814328312
1880,23.626702049618125,23.330640781902343
1881,23.219232444526554,23.329411094394146
1882,23.61899075501131,23.35193169407805
1883,23.24629020499555,23.367203258093586
1884,23.283011588878413,23.29324942850194
1885,23.70093213926065,23.343411688046928
1886,23.317935103226727,23.351311396102947
1887,23.398054554546253,23.34880811422525
1888,23.62828712185832,23.348861670262114
1889,23.68479325310935,23.363158647937304
1890,23.532634450816545,23.38845531935491
1891,23.101872088882192,23.324477888342013
1892,23.19932859004529,23.224103674023446
1893,23.402876543907876,23.22859970059489
1894,23.424966532309078,23.25955782875977
1895,23.58656805039673,23.32326689075053
1896,23.36842633651699,23.36073434398041
1897,23.18032983595797,23.316808261187678
1898,23.268700651971606,23.239611732273282
1899,23.6177913039044,23.25142964295228
1900,23.55380289918303,23.316911481176252
1901,23.227962707882728,23.302499752397928
1902,23.546193105728765,23.27297053488257
1903,23.29731372788813,23.312020644070287
1904,23.213812618036386,23.27894972240668
1905,23.419287442236207,23.27484600917116
1906,23.490434367560344,23.28373635028395
1907,23.16695787048087,23.286023360313234
1908,23.31399346797544,23.232901724849572
1909,23.34862103969249,23.22485379542357
1910,23.56882936099505,23.28081271754073
1911,23.31713443577837,23.26081005250784
1912,23.263579378078088,23.27237502848097
1913,23.33846066013589,23.26203699344853
1914,23.31608202480391,23.253604897675142
1915,23.444512521763173,23.22120890374666
1916,23.69676263561951,23.315137870567504
1917,23.277457749204093,23.287519347869416
1918,23.09353098182123,23.215386263579198
1919,23.308031829450112,23.184000151805442
1920,23.488826152355752,23.21569053794033
1921,23.15169820734117,23.23607776922565
1922,23.77215245073453,23.21691777872025
1923,23.43756447051573,23.27288291052114
1924,23.349102485362497,23.25180681940321
1925,23.49525148542061,23.29570446679759
1926,23.29042460711853,23.268258931878208
1927,23.41375450825309,23.2218759397438
