,real,prediction
5,77.4333190918,77.4306184064
6,77.4333190918,77.4279192323
7,77.4333190918,77.4252215688
8,77.4333190918,77.4225254149
9,77.3666687012,77.4198888529
10,77.3666687012,77.4173118666
11,77.3666687012,77.4147363225
12,77.3666687012,77.4121041194
13,77.3333129883,77.4095314897
14,77.3333129883,77.4069602995
15,77.3333129883,77.4043905483
16,77.3333129883,77.4018222352
17,77.3333129883,77.3992553594
18,77.3333129883,77.3966318198
19,77.3333129883,77.3940097484
20,77.3333129883,77.3914472446
21,77.3333129883,77.3889442579
22,77.3333129883,77.386500755
23,77.3222045899,77.3840586196
24,77.3110961914,77.3815839676
25,77.299987793,77.3790768173
26,77.2888793946,77.3765371867
27,77.2777709961,77.3739650942
28,77.2666625977,77.3713605578
29,77.2666625977,77.3687235957
30,77.2666625977,77.3659428929
31,77.2666625977,77.3630475801
32,77.299987793,77.3600958045
33,77.299987793,77.3570730811
34,77.299987793,77.3539939661
35,77.2333374023,77.3509165744
36,77.2333374023,77.3477537544
37,77.1999816895,77.3445346214
38,77.1999816895,77.3412592067
39,77.1999816895,77.337985625
40,77.1999816895,77.3347719584
41,77.1999816895,77.3315600902
42,77.1999816895,77.3283500195
43,77.1999816895,77.3251417452
44,77.2333068848,77.3219933493
45,77.2333068848,77.3188467154
46,77.2333068848,77.3157599427
47,77.2333068848,77.3126748973
48,77.2333068848,77.3095915784
49,77.2166442871,77.3065099849
50,77.1999816895,77.3034010659
51,77.1999816895,77.3002648366
52,77.1999816895,77.2971884626
53,77.1999816895,77.2941138102
54,77.1999816895,77.2910408785
55,77.1999816895,77.2880277495
56,77.1999816895,77.2850163067
57,77.1999816895,77.2820065492
58,77.1999816895,77.278998476
59,77.1999816895,77.2759920862
60,77.1999816895,77.2733515004
61,77.1333312988,77.2706611689
62,77.1333312988,77.2679721604
63,77.1333312988,77.2652844745
64,77.1333312988,77.2625470509
65,77.1333312988,77.2597599293
66,77.1333312988,77.2569401487
67,77.1333312988,77.2540877254
68,77.1333312988,77.2512026753
69,77.1333312988,77.248319044
70,77.1333312988,77.245436831
71,77.1333312988,77.2425560354
72,77.1333312988,77.2396766566
73,77.0666503906,77.2368497383
74,77.0333251953,77.2340242102
75,77.0333251953,77.2313021606
76,77.0333251953,77.2285814496
77,77.0333251953,77.2259131362
78,77.0333251953,77.2232971793
79,77.0333251953,77.220682509
80,77.0333251953,77.2180691247
81,77.0333251953,77.2154570256
82,77.0333251953,77.2128462111
83,77.0333251953,77.2102366806
84,77.0333251953,77.2075263297
85,77.0,77.2047662674
86,77.0,77.2020075625
87,76.9666442871,77.1992502144
88,76.9666442871,77.1964942223
89,76.9666442871,77.19379063
90,76.9666442871,77.1910883674
91,76.9666442871,77.1884895375
92,76.9666442871,77.1860068318
93,76.9666442871,77.1836019212
94,76.9666442871,77.1811981934
95,76.9666442871,77.1788466921
96,76.9666442871,77.1764963473
97,76.9333190918,77.1741471584
98,76.9333190918,77.1717991248
99,76.9333190918,77.1693501573
100,76.8999938965,77.1668513497
101,76.8999938965,77.1643537711
102,76.8999938965,77.1618574208
103,76.8999938965,77.1593622982
104,76.8999938965,77.1568684027
105,76.8999938965,77.1542864023
106,76.8999938965,77.1517056717
107,76.9333190918,77.149075166
108,76.9333190918,77.1463948946
109,76.8999938965,77.1436648969
110,76.8999938965,77.1408851974
111,76.8999938965,77.1380558207
112,76.8999938965,77.1352278354
113,76.8666381836,77.132401241
114,76.8666381836,77.1295760367
115,76.8666381836,77.1267522218
116,76.8666381836,77.1238787513
117,76.8666381836,77.1209556496
118,76.8666381836,77.1180339855
119,76.8666381836,77.1150627139
120,76.8666381836,77.1120973064
121,76.8333129883,77.1090205776
122,76.8333129883,77.1059453342
123,76.8333129883,77.1028715755
124,76.8333129883,77.0997491785
125,76.8333129883,77.0967034722
126,76.8333129883,77.0936592363
127,76.8333129883,77.0906164702
128,76.8333129883,77.0876252804
129,76.8333129883,77.0846355348
130,76.8333129883,77.0816472325
131,76.8333129883,77.0786603729
132,76.8333129883,77.0756749553
133,76.799987793,77.0726909789
134,76.799987793,77.0697084432
135,76.799987793,77.0667273473
136,76.799987793,77.0638103214
137,76.799987793,77.0608947037
138,76.799987793,77.0579303861
139,76.7666625977,77.0549674996
140,76.7666625977,77.0519434128
141,76.7666625977,77.0489207861
142,76.7666625977,77.0458494963
143,76.7666625977,77.0427295819
144,76.7666625977,77.0396111736
145,76.7666625977,77.0364441634
146,76.7666625977,77.0332285746
147,76.7666625977,77.0300145383
148,76.7666625977,77.0267519461
149,76.7666625977,77.0234909291
150,76.7666625977,77.0202815938
151,76.7666625977,77.017073808
152,76.7333374023,77.0138174633
153,76.7333374023,77.0105125832
154,76.7333374023,77.0072092987
155,76.7333374023,77.0039076089
156,76.7333374023,77.0005574056
157,76.6999816895,76.9971587122
158,76.6999816895,76.9937616596
159,76.6999816895,76.9903161396
160,76.6999816895,76.9869223904
161,76.6999816895,76.9835302797
162,76.6999816895,76.9800896991
163,76.6999816895,76.9766507796
164,76.6999816895,76.9731634128
165,76.6666564941,76.9696777296
166,76.6666564941,76.9661937293
167,76.6666564941,76.9626237044
168,76.6666564941,76.9589802344
169,76.6333312988,76.9551882011
170,76.6333312988,76.9512226296
171,76.6333312988,76.9472088504
172,76.6333312988,76.9430341486
173,76.6333312988,76.9387361862
174,76.6333312988,76.9343901913
175,76.6333312988,76.929996187
176,76.6333312988,76.9255541819
177,76.6333312988,76.9210642285
178,76.6333312988,76.9165263205
179,76.6333312988,76.9118528041
180,76.6333312988,76.9071037547
181,76.5999755859,76.9023076098
182,76.5999755859,76.8974643774
183,76.5999755859,76.892623448
184,76.5999755859,76.8877848205
185,76.5999755859,76.8829484939
186,76.5999755859,76.8780651133
187,76.5999755859,76.8731840548
188,76.5999755859,76.8682806405
189,76.5999755859,76.8633548809
190,76.5999755859,76.85838211
191,76.5666503906,76.8534117037
192,76.5666503906,76.8484436608
193,76.5333251953,76.8435520037
194,76.5333251953,76.8386626725
195,76.5333251953,76.8338250345
196,76.5333251953,76.8290390651
197,76.5333251953,76.8243047252
198,76.5333251953,76.8195232828
199,76.5333251953,76.814744114
200,76.5333251953,76.8100165715
201,76.5333251953,76.805291277
202,76.5333251953,76.8004941772
203,76.5333251953,76.7956500047
204,76.5333251953,76.7908081357
205,76.5333251953,76.7859192155
206,76.5333251953,76.7809832662
207,76.5333251953,76.7760003104
208,76.5333251953,76.7710197241
209,76.5333251953,76.7659057798
210,76.5333251953,76.7607942673
211,76.5333251953,76.7556358316
212,76.5333251953,76.7504304952
213,76.5333251953,76.7451782658
214,76.5333251953,76.7399285339
215,76.5333251953,76.734582591
216,76.5333251953,76.7292391901
217,76.4333190918,76.7238489764
218,76.4333190918,76.7184613258
219,76.4333190918,76.7130268834
220,76.4333190918,76.7075950252
221,76.4333190918,76.7021163962
222,76.4333190918,76.6966403724
223,76.4333190918,76.6911669525
224,76.4333190918,76.6856344468
225,76.4333190918,76.6800552182
226,76.4333190918,76.6744292889
227,76.4333190918,76.6688060348
228,76.4333190918,76.663136101
229,76.3999938965,76.6574194806
230,76.3666687012,76.6516562248
231,76.3666687012,76.6458957095
232,76.3666687012,76.6400885797
233,76.3666687012,76.6342348577
234,76.3666687012,76.6283098958
235,76.3666687012,76.6223383977
236,76.3666687012,76.6163697391
237,76.3666687012,76.6104039187
238,76.3666687012,76.604391567
239,76.3666687012,76.5983820741
240,76.3666687012,76.5917232756
241,76.3333129883,76.5851218743
242,76.3333129883,76.5785239035
243,76.3333129883,76.5719293614
244,76.3333129883,76.5653382464
245,76.3333129883,76.5586696594
246,76.3333129883,76.5520045378
247,76.3333129883,76.5452889114
248,76.3333129883,76.538576775
249,76.3333129883,76.5318681266
250,76.3333129883,76.5251629646
251,76.3333129883,76.5184073502
252,76.3333129883,76.5116552466
253,76.3333129883,76.5048527151
254,76.3333129883,76.4980537186
255,76.3333129883,76.4912582554
256,76.299987793,76.4843584501
257,76.299987793,76.4774622304
258,76.299987793,76.4705156577
259,76.299987793,76.4634378452
260,76.299987793,76.4563637107
261,76.299987793,76.4492932525
262,76.299987793,76.4421590358
263,76.299987793,76.4350285265
264,76.299987793,76.4279017227
265,76.2666625977,76.4207786225
266,76.2666625977,76.413659224
267,76.2666625977,76.4065435253
268,76.2666625977,76.3993775875
269,76.1999816895,76.3922153738
270,76.1999816895,76.385056882
271,76.1999816895,76.3779021102
272,76.1999816895,76.3707510566
273,76.1999816895,76.3636037192
274,76.1999816895,76.3564600961
275,76.1999816895,76.3493201852
276,76.1999816895,76.3421839848
277,76.1666564941,76.3349975561
278,76.1666564941,76.327814862
279,76.1666564941,76.3205819637
280,76.1666564941,76.313406761
281,76.1666564941,76.3061813502
282,76.1666564941,76.2990405914
283,76.1666564941,76.2919035435
284,76.1666564941,76.2847702045
285,76.1666564941,76.2776405725
286,76.1666564941,76.2705146456
287,76.1666564941,76.2633924218
288,76.1666564941,76.2562738992
289,76.1333312988,76.2491590759
290,76.1333312988,76.2421558551
291,76.1333312988,76.2352776275
292,76.1333312988,76.2285378241
293,76.1333312988,76.2218015231
294,76.1333312988,76.2150147861
295,76.0999755859,76.2082855126
296,76.0999755859,76.201613673
297,76.0999755859,76.1949992372
298,76.0999755859,76.1884421755
299,76.0999755859,76.1818885214
300,76.0999755859,76.1750518606
301,76.0666503906,76.1682189387
302,76.0666503906,76.1613897537
303,76.0666503906,76.1546210828
304,76.0666503906,76.1479128763
305,76.0666503906,76.1411515759
306,76.0666503906,76.1343939732
307,76.0333251953,76.1275265244
308,76.0,76.1204925438
309,76.0,76.1133772578
310,76.0,76.106152338
311,76.0,76.0988604205
312,76.0,76.091515695
313,75.9666442871,76.0841182237
314,75.9666442871,76.076724798
315,75.9666442871,76.0693921784
316,75.9666442871,76.062063569
317,75.9666442871,76.0547957634
318,75.9666442871,76.0476028817
319,75.9666442871,76.0403571711
320,75.9666442871,76.0331154233
321,75.9333190918,76.0258776358
322,75.9333190918,76.0186438068
323,75.9333190918,76.0113429514
324,75.9333190918,76.0040460889
325,75.8999938965,75.996753217
326,75.8999938965,75.9894643336
327,75.8999938965,75.9821794364
328,75.8999938965,75.9748985233
329,75.8999938965,75.9676215921
330,75.8999938965,75.9602918781
331,75.8999938965,75.9529661727
332,75.8666381836,75.9457012362
333,75.8666381836,75.938440273
334,75.8333129883,75.9312400766
335,75.8333129883,75.924043818
336,75.8333129883,75.916851495
337,75.799987793,75.9097624275
338,75.799987793,75.9027340162
339,75.799987793,75.8957662112
340,75.799987793,75.8888589795
341,75.799987793,75.8820406608
342,75.799987793,75.875226071
343,75.799987793,75.8684719707
344,75.799987793,75.8617215641
345,75.799987793,75.8550884079
346,75.799987793,75.8485156251
347,75.799987793,75.8420031995
348,75.799987793,75.8354943356
349,75.799987793,75.8289890313
350,75.799987793,75.8224305223
351,75.799987793,75.8158188541
352,75.799987793,75.8091540059
353,75.799987793,75.8024928028
354,75.799987793,75.7958352426
355,75.799987793,75.7891813234
356,75.799987793,75.782616212
357,75.799987793,75.7760546911
358,75.799987793,75.7695535213
359,75.799987793,75.7630559069
360,75.7666625977,75.7460303929
361,75.7333374023,75.7292897268
362,75.7333374023,75.7125730635
363,75.7333374023,75.6958803686
364,75.7333374023,75.6792116077
365,75.7333374023,75.6625667465
366,75.7333374023,75.6458713215
367,75.7333374023,75.6291254052
368,75.7333374023,75.6125523577
369,75.7333374023,75.5960030727
370,75.6999816895,75.579477516
371,75.6999816895,75.5631244684
372,75.6833190918,75.5469436826
373,75.6666564941,75.5307860968
374,75.6666564941,75.5146516778
375,75.6666564941,75.4985403923
376,75.6666564941,75.4824522072
377,75.6666564941,75.4665359041
378,75.6666564941,75.4507912366
379,75.6666564941,75.4352179584
380,75.6666564941,75.419815824
381,75.6666564941,75.4045846316
382,75.6666564941,75.3895240925
383,75.6666564941,75.3746339618
384,75.6666564941,75.3599139954
385,75.6666564941,75.3452151345
386,75.6666564941,75.3305373488
387,75.6666564941,75.3158806082
388,75.6666564941,75.3014308899
389,75.6666564941,75.287299519
390,75.6666564941,75.2731884097
391,75.6666564941,75.2592463476
392,75.6666564941,75.2453242757
393,75.6666564941,75.2315710237
394,75.5999755859,75.2182095499
395,75.5999755859,75.2050904776
396,75.5999755859,75.1919902155
397,75.6333312988,75.1789087366
398,75.6333312988,75.1660692141
399,75.5333251953,75.1534341521
400,75.5333251953,75.1408172063
401,75.5333251953,75.1283671217
402,75.5333251953,75.1160837027
403,75.5333251953,75.1041156126
404,75.5333251953,75.0921646824
405,75.5333251953,75.0802308874
406,75.5333251953,75.0685374033
407,75.5333251953,75.0568606854
408,75.5333251953,75.0452007095
409,75.5666503906,75.0337062665
410,75.5666503906,75.0225259336
411,75.5666503906,75.0113616311
412,75.0999755859,75.0005482019
413,75.0999755859,74.8423326674
414,75.0999755859,74.6843439826
415,74.6999816895,74.5268050225
416,74.6999816895,74.3696408005
417,74.6999816895,74.2127019208
418,74.6999816895,74.0559880604
419,74.6999816895,73.8994988966
420,74.3999938965,73.8097849087
421,74.1999816895,73.8025862131
422,74.1999816895,73.7961009927
423,74.1999816895,73.789860927
424,74.1999816895,73.7840774882
425,74.1999816895,73.7789540251
426,74.1999816895,73.7747414813
427,74.1999816895,73.7719019246
428,74.3666687012,73.7699973207
429,74.3666687012,73.769488764
430,74.3666687012,73.7698821961
431,74.3666687012,73.7708676277
432,74.4333190918,73.7724778326
433,74.4333190918,73.7742478433
434,74.4333190918,73.7765027285
435,74.4333190918,73.7793895515
436,74.4333190918,73.7823879215
437,74.4333190918,73.7856039917
438,74.4333190918,73.7886984878
439,74.4333190918,73.7914553308
440,74.4333190918,73.7937769147
441,74.7333374023,73.7962314129
442,74.7333374023,73.798593126
443,74.7333374023,73.8000380145
444,74.7333374023,73.8014282833
445,74.799987793,73.8029866719
446,74.799987793,73.8044861503
447,74.799987793,73.8065358174
448,74.799987793,73.8088390476
449,74.799987793,73.8113861908
450,74.799987793,73.8141681564
451,74.799987793,73.816844958
452,74.799987793,73.8196412459
453,74.799987793,73.8226628082
454,74.9666442871,73.8255701493
455,74.9666442871,73.828146912
456,74.9666442871,73.8306262678
457,74.9333190918,73.8330118989
458,74.9666442871,73.8355280231
459,74.9666442871,73.8379490327
460,74.4333190918,73.7613752784
461,74.4333190918,73.6876961691
462,74.4333190918,73.6165816064
463,74.4333190918,73.5481553201
464,74.4333190918,73.4825363627
465,74.4333190918,73.4190669565
466,74.4333190918,73.4369000689
467,74.4333190918,73.4538383781
468,74.4333190918,73.4699156448
469,74.2666625977,73.4856058975
470,74.0666503906,73.5011443762
471,74.0666503906,73.5160954686
472,73.5999755859,73.452129789
473,73.5999755859,73.3902511635
474,73.5999755859,73.3303806322
475,73.5999755859,73.2727733298
476,73.5999755859,73.216902287
477,73.5999755859,73.1631432843
478,73.5999755859,73.1906508364
479,73.5999755859,73.2171185467
480,73.5999755859,73.2539612398
481,73.5999755859,73.288856712
482,73.3333129883,73.321828448
483,73.3333129883,73.3528986379
484,73.799987793,73.3822559738
485,73.799987793,73.4099948828
486,73.799987793,73.4362045865
487,73.799987793,73.460885525
488,73.799987793,73.4844574277
489,73.799987793,73.5066040396
490,73.799987793,73.5274458785
491,73.799987793,73.5469709874
492,73.799987793,73.565335843
493,73.799987793,73.5826882711
494,73.9666442871,73.5992098916
495,74.0999755859,73.6147368368
496,74.0999755859,73.6294078042
497,74.4333190918,73.6432699827
498,74.4333190918,73.6564937414
499,74.4333190918,73.669072381
500,73.9333190918,73.6069819717
501,73.9333190918,73.5484822656
502,73.5333251953,73.4934591505
503,73.5333251953,73.4413855164
504,73.5333251953,73.3921826253
505,73.5333251953,73.3456083547
506,73.3666687012,73.3015177926
507,73.0666503906,73.2598578785
508,73.0666503906,73.2943863339
509,73.0666503906,73.327095149
510,73.0666503906,73.3580007751
511,73.0666503906,73.3873703448
512,73.0666503906,73.4152256601
513,73.5333251953,73.4415453527
514,73.5333251953,73.4664140792
515,73.5333251953,73.4899118294
516,73.5333251953,73.5123657712
517,73.5333251953,73.5337496101
518,73.5999755859,73.5540803958
519,73.5999755859,73.5732065124
520,73.7333068848,73.5913620969
521,73.7333068848,73.6083071216
522,74.1666564941,73.624317992
523,74.1666564941,73.639572013
524,74.1666564941,73.6541528275
525,74.1666564941,73.6680136612
526,74.1666564941,73.6811103675
527,74.1666564941,73.6935689342
528,73.6999816895,73.6315328215
529,73.6999816895,73.5729166687
530,73.7333068848,73.5175319384
531,73.7333068848,73.4653472529
532,73.7333068848,73.4161232952
533,73.6333312988,73.3696129821
534,73.6333312988,73.3997681277
535,73.6333312988,73.428344727
536,73.6333312988,73.4554298031
537,73.6333312988,73.4810217186
538,73.6333312988,73.5052027894
539,73.6333312988,73.5280507933
540,73.6333312988,73.56201605
541,74.0666503906,73.5933558917
542,74.1333312988,73.6220301495
543,74.1333312988,73.6484639183
544,74.1333312988,73.6731285333
545,74.2333068848,73.6961527177
546,74.2333068848,73.7175016696
547,73.6999816895,73.6514230495
548,73.6999816895,73.5903064027
549,73.6999816895,73.5334824704
550,73.6999816895,73.4807930295
551,73.6999816895,73.4320913695
552,73.6999816895,73.3869332271
553,73.6999816895,73.4309350059
554,73.6333312988,73.471735229
555,73.6333312988,73.5094127271
556,73.6333312988,73.5443488222
557,73.6333312988,73.5765117395
558,74.0,73.6064115725
559,74.0,73.634290062
560,74.0,73.6603712692
561,74.0,73.684554816
562,74.0,73.7071328891
563,74.0,73.7287231605
564,74.0,73.6628683016
565,73.5,73.6018050215
566,73.5,73.5449920558
567,73.5,73.4924668973
568,73.5,73.4437634529
569,73.5,73.3986036559
570,73.3999938965,73.3567296715
571,73.3999938965,73.4037766541
572,73.3999938965,73.4478243823
573,73.3999938965,73.4895148594
574,73.3999938965,73.5283260641
575,73.3999938965,73.5643904572
576,73.3999938965,73.5978308164
577,73.8333129883,73.6286839519
578,73.8333129883,73.6572922229
579,73.8333129883,73.6843198685
580,73.8333129883,73.7093809911
581,73.8333129883,73.7323489186
582,73.8333129883,73.7539154626
583,73.5666503906,73.6881927162
584,73.5666503906,73.6270206978
585,73.5666503906,73.5702995363
586,73.5666503906,73.5177053887
587,73.5666503906,73.4694774407
588,73.5666503906,73.424758543
589,73.5666503906,73.3830621851
590,73.5,73.4300427223
591,73.5,73.4740673113
592,73.5,73.5147345714
593,73.5,73.5525970081
594,73.5,73.5879357336
595,73.5,73.6203179629
596,74.0,73.6503440714
597,74.0,73.6781854897
598,74.0,73.7041552888
599,74.0,73.7282355334
600,74.0,73.7524561463
601,74.0,73.7761718946
602,73.6666564941,73.7194067627
603,73.6666564941,73.6664890297
604,73.6666564941,73.6166711019
605,73.6666564941,73.5702936977
606,73.6666564941,73.5266329805
607,73.6666564941,73.4855298127
608,73.6333312988,73.526187153
609,73.6333312988,73.5647893212
610,73.6333312988,73.6009996648
611,73.6333312988,73.6350888857
612,73.6333312988,73.666463084
613,74.0333251953,73.6957383395
614,74.0333251953,73.7240821236
615,74.0333251953,73.7507655907
616,74.0333251953,73.7762124446
617,74.0333251953,73.8005603051
618,74.0333251953,73.8234819211
619,74.0333251953,73.7659691755
620,73.7666625977,73.7135227358
621,73.7666625977,73.6645401217
622,73.7666625977,73.6180351744
623,73.7666625977,73.5739932746
624,73.7666625977,73.5325312531
625,73.7666625977,73.4934979861
626,73.6999816895,73.5364956047
627,73.6999816895,73.576582889
628,73.6999816895,73.6149746863
629,73.6999816895,73.6513134281
630,73.6999816895,73.6849360459
631,74.1666564941,73.7165891242
632,74.1666564941,73.7463880344
633,74.2333374023,73.7741802787
634,74.2333374023,73.8007361418
635,74.2333374023,73.8264544942
636,74.2333374023,73.8511885432
637,74.2333374023,73.7953820622
638,73.799987793,73.7431057136
639,73.799987793,73.6938915993
640,73.799987793,73.6483437493
641,73.799987793,73.6059862911
642,73.799987793,73.5670892248
643,73.799987793,73.5303400698
644,73.799987793,73.5754880789
645,73.799987793,73.6172080072
646,73.7333068848,73.6570063715
647,73.7333068848,73.6951262499
648,74.1333312988,73.731143666
649,74.1333312988,73.7640068176
650,74.1999816895,73.7937045456
651,74.1999816895,73.8210098303
652,74.1999816895,73.8464545203
653,74.1999816895,73.8709310143
654,74.1999816895,73.8150125822
655,73.7666625977,73.7628920279
656,73.7666625977,73.714150951
657,73.7666625977,73.6685261307
658,73.6999816895,73.6251822082
659,73.6999816895,73.584377278
660,73.6999816895,73.5393820211
661,73.6999816895,73.5840750021
662,73.5999755859,73.6269915876
663,73.5999755859,73.6679782314
664,74.0333251953,73.7058724469
665,74.0333251953,73.741358872
666,74.0333251953,73.7748287482
667,74.0333251953,73.8060150803
668,74.0333251953,73.835174729
669,74.0333251953,73.8630590158
670,74.0333251953,73.88897709
671,74.1666564941,73.8271815749
672,73.7666625977,73.7688976471
673,73.7666625977,73.7139257575
674,73.799987793,73.6627137002
675,73.799987793,73.6153023855
676,73.799987793,73.5705852627
677,73.799987793,73.5284092317
678,73.799987793,73.5756339878
679,73.799987793,73.620747572
680,74.2333068848,73.6630431185
681,74.2333068848,73.7023627629
682,74.2333068848,73.7391936157
683,74.2666625977,73.7734226133
684,74.2666625977,73.8049432669
685,74.2666625977,73.8346727302
686,74.3333129883,73.7765991145
687,74.3333129883,73.7225889101
688,74.3333129883,73.6722839643
689,73.8333129883,73.6250920602
690,73.8333129883,73.5805818796
691,73.8333129883,73.5386010312
692,73.8333129883,73.4990057833
693,73.3999938965,73.461660572
694,73.3999938965,73.4264375369
695,73.3999938965,73.3932160834
696,73.1333312988,73.3623277173
697,73.1333312988,73.333703519
698,72.9666442871,73.3075963378
699,72.9666442871,73.3698496455
700,73.3666687012,73.4290741845
701,73.3666687012,73.4849332344
702,73.3666687012,73.5380632896
703,73.3666687012,73.5884286717
704,73.3666687012,73.6361864109
705,73.799987793,73.6814846889
706,73.799987793,73.7239544338
707,73.799987793,73.7637563797
708,74.0,73.8012965432
709,74.0,73.8358764675
710,74.1999816895,73.8684913557
711,74.1999816895,73.8998253659
712,74.1999816895,73.9302692873
713,74.1999816895,73.9587287882
714,74.1999816895,73.898821373
715,74.1999816895,73.8423182521
716,74.1999816895,73.789662052
717,74.1999816895,73.7412701719
718,73.9333190918,73.6962007732
719,73.9333190918,73.6533107477
720,73.9333190918,73.6015370049
721,73.7666625977,73.5525950048
722,73.1999816895,73.5054677435
723,73.1999816895,73.4596953884
724,73.1999816895,73.4158703044
725,73.1999816895,73.373785897
726,73.1999816895,73.3331145265
727,73.1999816895,73.3931530012
728,73.6999816895,73.4511944256
729,73.6999816895,73.5061553149
730,73.6999816895,73.5589332274
731,73.6999816895,73.6110361757
732,73.6999816895,73.6618449404
733,74.2333068848,73.7109588115
734,74.3666687012,73.758768046
735,74.3666687012,73.8050658842
736,74.3666687012,73.8487496276
737,74.3666687012,73.8904398817
738,74.3666687012,73.9301510858
739,74.3666687012,73.9682850113
740,74.3666687012,73.9072960746
741,74.3666687012,73.8491171428
742,73.8999938965,73.7927321515
743,73.8999938965,73.7385867004
744,73.8999938965,73.6869795156
745,73.8999938965,73.6376805291
746,73.2333068848,73.5911148391
747,73.2333068848,73.5463986793
748,73.2333068848,73.5032001621
749,73.2333068848,73.4617174352
750,73.2333068848,73.4222700272
751,73.2333068848,73.3846478466
752,73.2333068848,73.446839046
753,73.2333068848,73.5065600899
754,73.2333068848,73.5646844451
755,73.2333068848,73.6205001746
756,73.2333068848,73.6738405478
757,73.2333068848,73.7253853991
758,73.2333068848,73.7745598642
759,74.3666687012,73.8220396085
760,74.3666687012,73.8676335176
761,74.3666687012,73.9114164944
762,74.3666687012,73.9530727894
763,74.3666687012,73.9933329756
764,74.3666687012,74.0319940784
765,74.3666687012,73.9708005365
766,74.3666687012,73.9123606144
767,74.3666687012,73.8565002784
768,74.3666687012,73.802858644
769,74.3666687012,73.8496666619
770,74.5666503906,73.8948739512
771,74.6333312988,73.9385440909
772,74.8333129883,73.9807381344
773,74.8333129883,74.021773137
774,74.8333129883,74.0607906796
775,74.8333129883,73.9999394204
776,74.3333129883,73.9420218728
777,74.3333129883,73.8861463102
778,74.3333129883,73.8327484805
779,74.3333129883,73.7819884738
780,74.3333129883,73.7487193882
781,74.3333129883,73.7167048102
782,73.8999938965,73.6858974351
783,73.8999938965,73.6565819717
784,73.6999816895,73.6283719332
785,73.6999816895,73.6016384966
786,73.6999816895,73.5773992057
787,73.6999816895,73.5544042549
788,73.6999816895,73.5319460685
789,73.6999816895,73.5095091098
790,73.6999816895,73.5803276802
791,74.1666564941,73.6491363875
792,74.1666564941,73.7160108253
793,74.1666564941,73.7810241249
794,74.1666564941,73.8432555817
795,74.3333129883,73.9024799604
796,74.3333129883,73.9591409786
797,74.4333190918,73.9225767729
798,74.4333190918,73.8882169505
799,74.4333190918,73.8560610192
800,74.4333190918,73.8279246245
801,74.4333190918,73.802252842
802,74.0333251953,73.7780443852
803,74.0333251953,73.7550791059
804,74.0333251953,73.7311633885
805,74.0333251953,73.7094704999
806,74.0333251953,73.6897514585
807,73.8999938965,73.6711061138
808,73.8999938965,73.6531638461
809,73.6999816895,73.6358981439
810,73.6999816895,73.6189533622
811,73.6999816895,73.6033078958
812,73.6999816895,73.5875920242
813,73.6999816895,73.5724687654
814,73.6999816895,73.5591541599
815,73.6999816895,73.6397418858
816,74.0,73.7186117371
817,74.0,73.7945075712
818,74.0333251953,73.867541532
819,74.0333251953,73.9381516678
820,74.0333251953,74.00543888
821,74.0333251953,74.069528372
822,74.1333312988,74.0391219348
823,74.1333312988,74.0115958414
824,74.1333312988,73.9859333229
825,74.1333312988,73.9620640109
826,74.1333312988,74.0315042391
827,74.5999755859,74.0983260215
828,74.5999755859,74.161307174
829,74.5999755859,74.2215832089
830,74.6999816895,74.2790909669
831,74.6999816895,74.3344302276
832,74.6999816895,74.2950255853
833,74.6999816895,74.254960266
834,74.3333129883,74.2167359561
835,74.3333129883,74.1811088587
836,74.3333129883,74.1468251847
837,74.3333129883,74.1144947364
838,74.3333129883,74.0833834018
839,74.3333129883,74.0537753434
840,74.3333129883,74.0206409656
841,74.3333129883,73.9864687126
842,73.8999938965,73.953065408
843,73.7666625977,73.9210180442
844,73.7666625977,73.889859718
845,73.7666625977,73.8597276116
846,73.7666625977,73.8303836133
847,73.5999755859,73.8020408699
848,73.5999755859,73.7755819194
849,74.0,73.8504442156
850,74.0,73.9249484766
851,74.0,73.9984275679
852,74.0,74.0708955959
853,74.0,74.1419931544
854,74.0333251953,74.2130833102
855,74.0666503906,74.1835078648
856,74.0666503906,74.1548621513
857,74.0666503906,74.1257143718
858,74.1333160401,74.0965195925
859,74.1999816895,74.0682493071
860,74.1999816895,74.0408907948
861,74.1999816895,74.0139087324
862,73.8333129883,73.9875966823
863,73.8333129883,73.9616466828
864,73.8333129883,73.9360537522
865,73.8333129883,73.9111117197
866,73.6999816895,73.8868118047
867,73.6999816895,73.8625473353
868,73.6999816895,73.8383179997
869,73.6999816895,73.8142727294
870,73.6999816895,73.7914546344
871,73.6999816895,73.7685022682
872,73.6666564941,73.7458657237
873,73.6666564941,73.8244978301
874,74.0999755859,73.9027201169
875,74.0999755859,73.9804635595
876,74.0999755859,74.0568385193
877,74.0999755859,74.1327600539
878,74.0999755859,74.2091308056
879,74.1499786377,74.2841519626
880,74.1999816895,74.2583787645
881,74.1999816895,74.2334083162
882,74.1999816895,74.2093041918
883,74.1999816895,74.1858304796
884,74.1999816895,74.1623810204
885,74.299987793,74.1392542229
886,74.299987793,74.1157734987
887,73.8999938965,74.0915703116
888,73.8999938965,74.0677001573
889,73.8999938965,74.044457196
890,73.8999938965,74.0207870671
891,73.799987793,73.9971438937
892,73.799987793,73.9729298201
893,73.799987793,73.9493476716
894,73.799987793,73.9260900107
895,73.799987793,73.9027042147
896,73.799987793,73.8789680557
897,73.8333129883,73.9551711173
898,74.2333374023,74.0306244645
899,74.2333374023,74.1050395827
900,74.2333374023,74.177271046
901,74.2333374023,74.2481096923
902,74.2333374023,74.3175712701
903,74.3666687012,74.2991537681
904,74.3666687012,74.2813766521
905,74.3666687012,74.2639445447
906,74.3666687012,74.246853545
907,74.3666687012,74.2302438008
908,74.3666687012,74.214181852
909,74.3333129883,74.1985895233
910,73.8999938965,74.1834615049
911,73.8999938965,74.1693686506
912,73.8999938965,74.1554351426
913,73.8999938965,74.1423792455
914,73.8999938965,74.1303349984
915,73.8333129883,74.1190749346
916,73.8333129883,74.1082301966
917,73.8333129883,74.097796173
918,73.8333129883,74.087624173
919,73.8333129883,74.0777112337
920,73.8333129883,74.0679103789
921,73.8333129883,74.0577882
922,73.6666564941,74.0486445847
923,73.5666503906,74.0398923648
924,73.5666503906,74.0306630862
925,73.5666503906,74.0218261716
926,73.5666503906,74.013089175
927,73.5,74.0051710328
928,73.5,74.0842920585
929,73.5,74.1622304619
930,74.0,74.2394316714
931,74.0,74.3150399092
932,74.0,74.390369272
933,74.0,74.4654229129
934,74.0,74.5396279306
935,74.1999816895,74.613570024
936,74.1999816895,74.5992943673
937,74.1999816895,74.5855400299
938,74.2499847412,74.5715813053
939,74.299987793,74.5574203774
940,74.299987793,74.5430595325
941,74.299987793,74.5285730545
942,74.299987793,74.513818317
943,74.0,74.4996624663
944,74.0,74.4862426932
945,74.0,74.4734067127
946,74.0,74.460427773
947,73.8333129883,74.4467315562
948,73.8333129883,74.433190201
949,73.8333129883,74.420089966
950,73.8333129883,74.4077138729
951,73.7833251953,74.3946136864
952,73.7333374023,74.3810855609
953,73.7333374023,74.3671343351
954,73.7333374023,74.3530528447
955,73.7333374023,74.3388425627
956,73.8166656494,74.324432964
957,73.8999938965,74.3975679881
958,73.8999938965,74.4698760824
959,73.8999938965,74.5417265878
960,73.9666442871,74.6275851186
961,74.0428379604,74.7124410897
962,74.1190316336,74.7960915092
963,74.1952253069,74.8039066944
964,74.2714189802,74.811415924
965,74.3476126535,74.8932665305
966,74.4238063267,74.9739466787
967,74.5,75.0534700359
968,74.5,75.1318501099
969,74.5,75.2090644797
970,74.5,75.2853772267
971,74.5,75.3605484094
972,74.8333129883,75.4348418273
973,74.8333129883,75.5086433972
974,75.2666625977,75.5813327257
975,75.5333251953,75.6526097318
976,75.5333251953,75.7230544449
977,75.5333251953,75.7926765835
978,75.5333251953,75.8611100855
979,75.5333251953,75.9283686832
980,75.5333251953,75.9944661692
981,75.5333251953,76.059791843
982,75.5333251953,76.1246051861
983,75.5333251953,76.1886617116
984,75.5333251953,76.2522208735
985,75.799987793,76.3150378627
986,76.0333251953,76.3767455309
987,76.3333129883,76.4382336586
988,76.3333129883,76.4987532538
989,76.3333129883,76.5583156995
990,76.3333129883,76.6174331111
991,76.3333129883,76.6758602158
992,76.3333129883,76.7338556173
993,76.3333129883,76.7907979989
994,76.3333129883,76.8470754712
995,76.3333129883,76.9020696614
996,76.3333129883,76.9564216911
997,76.5333251953,77.0093876504
998,76.5333251953,77.0617351326
999,76.6666564941,77.1130956185
1000,76.8666381836,77.1641068437
1001,76.8666381836,77.2148981579
1002,76.8666381836,77.2648459186
1003,76.8666381836,77.3142104453
1004,76.8666381836,77.3632490179
1005,76.8666381836,77.4117149729
1006,76.8666381836,77.4596149968
1007,76.8666381836,77.5069556979
1008,76.8666381836,77.5542445462
1009,76.8666381836,77.6009812083
1010,77.0333251953,77.647172132
1011,77.1666564941,77.6928236899
1012,77.1666564941,77.7376917106
1013,77.2666625977,77.7820358128
1014,77.2666625977,77.8263630532
1015,77.2666625977,77.8699222202
1016,77.2666625977,77.9132232216
1017,77.2666625977,77.9560186024
1018,77.2666625977,77.9983142666
1019,77.2666625977,78.0403665189
1020,77.2666625977,78.0775937378
1021,77.2666625977,78.1149799484
1022,77.3999938965,78.1517810345
1023,77.5,78.1884942181
1024,77.5,78.2247478044
1025,77.5,78.2609147958
1026,77.5999755859,78.2972433114
1027,77.5999755859,78.3331132215
1028,77.5999755859,78.3688974531
1029,77.5999755859,78.404596211
1030,77.5999755859,78.4395898826
1031,77.5999755859,78.4744999688
1032,77.5999755859,78.5090787571
1033,77.5999755859,78.543574951
1034,77.6999816895,78.5778028683
1035,77.8333129883,78.6119490292
1036,77.8333129883,78.6460136291
1037,77.8333129883,78.6799968627
1038,77.8333129883,78.7136510123
1039,77.9333190918,78.7475966078
1040,77.9333190918,78.7814611212
1041,77.9333190918,78.8152447463
1042,77.9333190918,78.8489476763
1043,77.9333190918,78.8828799759
1044,77.9333190918,78.9164213532
1045,77.9333190918,78.9498826141
1046,78.0,78.9832639499
1047,78.1333312988,79.0165655514
1048,78.1333312988,79.0497876092
1049,78.1333312988,79.0829303132
1050,78.1333312988,79.115993853
1051,78.1333312988,79.1492882895
1052,78.1999816895,79.1827511115
1053,78.1999816895,79.2161340047
1054,78.1999816895,79.249685072
1055,78.1999816895,79.2831559996
1056,78.1999816895,79.3170428033
1057,78.1999816895,79.35122057
1058,78.299987793,79.3856886776
1059,78.299987793,79.4200744552
1060,78.3999938965,79.4548739236
1061,78.3999938965,79.4895902704
1062,78.3999938965,79.5247814782
1063,78.3999938965,79.5596407166
1064,78.3999938965,79.594912515
1065,78.5,79.6304718953
1066,78.5,79.6663182435
1067,78.5,79.7024509472
1068,78.5,79.7388691764
1069,78.5,79.7752004175
1070,78.5999755859,79.8116927905
1071,78.5999755859,79.8483459103
1072,78.6999816895,79.8855932575
1073,78.6999816895,79.9223797315
1074,78.6999816895,79.9588924585
1075,78.6999816895,79.9958757556
1076,78.6999816895,80.0330186271
1077,78.6999816895,80.0710645008
1078,78.799987793,80.1097632351
1079,78.799987793,80.1490513105
1080,78.799987793,80.1789062542
1081,78.799987793,80.208706879
1082,78.799987793,80.2382644445
1083,78.799987793,80.2672489109
1084,78.799987793,80.2958974113
1085,78.9666442871,80.3241161096
1086,78.9666442871,80.3518112851
1087,78.9666442871,80.3789367498
1088,78.9666442871,80.4056351836
1089,78.9666442871,80.4321906498
1090,78.9666442871,80.458508961
1091,79.0666503906,80.4849682271
1092,79.0666503906,80.5115681914
1093,79.0666503906,80.538119759
1094,79.299987793,80.5646230179
1095,79.299987793,80.5913612868
1096,79.299987793,80.6180509073
1097,79.4333190918,80.6450224502
1098,79.4333190918,80.6719449203
1099,79.4333190918,80.6990072459
1100,79.4333190918,80.7255482082
1101,79.4333190918,80.751616007
1102,79.4333190918,80.7774475383
1103,79.4333190918,80.8037985881
1104,79.5666503906,80.830101694
1105,79.5666503906,80.8561681042
1106,79.6999816895,80.8819982494
1107,79.6999816895,80.9079702376
1108,79.6999816895,80.9340838106
1109,79.8333129883,80.9599610327
1110,79.8333129883,80.985602334
1111,79.8333129883,81.0110081438
1112,79.8333129883,81.0363677294
1113,79.8333129883,81.0614923361
1114,79.8333129883,81.0865712303
1115,79.8333129883,81.1114156561
1116,79.8333129883,81.1362148793
1117,79.8999938965,81.1611578212
1118,79.9666442871,81.1860553811
1119,79.9666442871,81.2110964807
1120,79.9666442871,81.2362808589
1121,79.9666442871,81.2611361851
1122,80.0666503906,81.2859462887
1123,80.0666503906,81.3105224131
1124,80.0666503906,81.335242662
1125,80.0666503906,81.3603900041
1126,80.0666503906,81.3856804314
1127,80.0666503906,81.4111608796
1128,80.0666503906,81.4367838069
1129,80.1666564941,81.4632099742
1130,80.2666625977,81.4900601863
1131,80.2666625977,81.5168615464
1132,80.2666625977,81.5437085351
1133,80.2666625977,81.5711203906
1134,80.3666687012,81.5993322313
1135,80.3666687012,81.627964868
1136,80.3666687012,81.6571591226
1137,80.3666687012,81.6860642255
1138,80.3666687012,81.7159081842
1139,80.3666687012,81.7465476475
1140,80.3666687012,81.7716462323
1141,80.3666687012,81.7967072258
1142,80.5,81.8217306845
1143,80.5999755859,81.8468721155
1144,80.5999755859,81.8719758911
1145,80.5999755859,81.897780471
1146,80.5999755859,81.9238573499
1147,80.7333068848,81.9497396758
1148,80.7333068848,81.9754277857
1149,80.7333068848,82.0005722175
1150,80.7333068848,82.025368042
1151,80.7333068848,82.0495826277
1152,80.7333068848,82.0735277928
1153,80.7333068848,82.0968152449
1154,80.8333129883,82.1196403171
1155,80.9333190918,82.1420425531
1156,80.9333190918,82.1644112364
1157,80.9333190918,82.1867464172
1158,80.9999847412,82.2084262963
1159,81.0666503906,82.2296267776
1160,81.0666503906,82.250348579
1161,81.0666503906,82.2701065934
1162,81.0666503906,82.289407514
1163,81.0666503906,82.3083686251
1164,81.0666503906,82.3271458864
1165,81.0666503906,82.3455063284
1166,81.1333312988,82.2557920733
1167,81.1333312988,82.1655514404
1168,80.6666564941,82.0752128112
1169,80.6666564941,81.9846208356
1170,80.6666564941,81.8940090924
1171,80.6666564941,81.8029501554
1172,80.2666625977,81.711561157
1173,80.2666625977,81.6199204312
1174,80.2666625977,81.6354537037
1175,80.2666625977,81.6502253081
1176,80.2666625977,81.6645084359
1177,80.2666625977,81.678536972
1178,80.0333251953,81.6917282998
1179,80.0333251953,81.7042003642
1180,80.0333251953,81.7161096019
1181,80.1999816895,81.7277678492
1182,80.1999816895,81.7388256375
1183,80.1999816895,81.7491673121
1184,80.3666687012,81.7591048475
1185,80.3666687012,81.7685999976
1186,80.3666687012,81.7776922764
1187,80.3666687012,81.7864600354
1188,80.3666687012,81.7949426122
1189,80.4666442871,81.8031404337
1190,80.4666442871,81.8109761782
1191,80.4666442871,81.8184115824
1192,80.4666442871,81.8256026054
1193,80.4666442871,81.8323942537
1194,80.6333312988,81.8389425763
1195,80.6333312988,81.8454810913
1196,80.7333374023,81.8516989115
1197,80.7333374023,81.8576353227
1198,80.7333374023,81.8632518953
1199,80.7333374023,81.8686268565
1200,80.7333374023,81.8720032179
1201,80.7333374023,81.8751125638
1202,80.7333374023,81.8781133232
1203,80.7333374023,81.8808737668
1204,80.7333374023,81.8835259784
1205,80.7333374023,81.8860700677
1206,80.7333374023,81.8885061446
1207,80.799987793,81.8908343189
1208,80.799987793,81.892949272
1209,80.8333129883,81.8949566486
1210,80.8333129883,81.8967510988
1211,80.8333129883,81.8984119179
1212,80.8333129883,81.8999656218
1213,80.8333129883,81.9014123193
1214,80.8333129883,81.9027521192
1215,80.8333129883,81.9039324314
1216,80.8333129883,81.9050061165
1217,80.8333129883,81.9058678547
1218,80.8333129883,81.9065178303
1219,80.8333129883,81.9071671456
1220,80.4666442871,81.9075785648
1221,80.299987793,81.8045097636
1222,80.299987793,81.7014402294
1223,80.299987793,81.5983699632
1224,80.299987793,81.495246267
1225,80.0666503906,81.3922273218
1226,80.0666503906,81.3926873957
1227,80.0666503906,81.3930415741
1228,80.0666503906,81.3932899336
1229,80.0666503906,81.3934326127
1230,80.0666503906,81.3934697187
1231,80.0666503906,81.393506787
1232,80.0666503906,81.3934120092
1233,80.0999755859,81.3933173277
1234,80.0666503906,81.3932227424
1235,80.0666503906,81.393022825
1236,80.0666503906,81.3927176825
1237,80.0999755859,81.3923074219
1238,80.0999755859,81.391897578
1239,80.0999755859,81.3913827222
1240,80.0999755859,81.3908683894
1241,80.0999755859,81.390249151
1242,80.0999755859,81.3896305415
1243,80.0999755859,81.3889071013
1244,80.0999755859,81.3880262692
1245,80.0999755859,81.3871463319
1246,80.3666687012,81.3862672884
1247,80.3666687012,81.38523098
1248,80.3666687012,81.3841957244
1249,80.3666687012,81.3831615203
1250,80.3666687012,81.381970209
1251,80.3666687012,81.380885536
1252,80.3666687012,81.3796965367
1253,80.3666687012,81.3785087451
1254,80.3666687012,81.37732216
1255,80.3666687012,81.3761367802
1256,80.3666687012,81.3749262553
1257,80.3666687012,81.37371696
1258,80.3999938965,81.3724034649
1259,80.4333190918,81.371091304
1260,80.4333190918,81.3699094005
1261,80.3999938965,81.3687284988
1262,80.3999938965,81.3675485982
1263,80.3999938965,81.3663696979
1264,80.3999938965,81.3651038142
1265,80.3999938965,81.3638390037
1266,80.3999938965,81.3624872827
1267,80.3999938965,81.3611367075
1268,80.3999938965,81.3596112862
1269,80.3999938965,81.358087158
1270,80.3999938965,81.3565643218
1271,80.4333190918,81.3550427764
1272,80.4333190918,81.3535225209
1273,80.3999938965,81.3519155715
1274,80.3999938965,81.3503099843
1275,80.3999938965,81.3486177756
1276,80.3999938965,81.3469270013
1277,80.3999938965,81.3451496777
1278,80.3999938965,81.3433738607
1279,80.3999938965,81.3415115665
1280,80.3999938965,81.3396508509
1281,80.3999938965,81.3376817151
1282,80.3999938965,81.3357142484
1283,80.3999938965,81.3337484495
1284,80.3999938965,81.3316963345
1285,80.3999938965,81.329645959
1286,80.3999938965,81.3275973216
1287,80.3999938965,81.3255504209
1288,80.3999938965,81.3235052553
1289,80.3999938965,81.3214618233
1290,80.3999938965,81.3194201236
1291,80.3999938965,81.317292172
1292,80.3999938965,81.3152540069
1293,80.3999938965,81.3132175695
1294,80.3999938965,81.3111828584
1295,80.3999938965,81.3091498721
1296,80.3666381836,81.3070306266
1297,80.3666381836,81.3049131776
1298,80.3333129883,81.302709515
1299,80.3333129883,81.3005077204
1300,80.3333129883,81.2982198098
1301,80.3333129883,81.2959338385
1302,80.3333129883,81.2936498051
1303,80.3333129883,81.2912797253
1304,80.3333129883,81.2888236719
1305,80.3333129883,81.2863697006
1306,80.3333129883,81.2839178094
1307,80.3333129883,81.2814679968
1308,80.299987793,81.2789322782
1309,80.299987793,81.2763987091
1310,80.299987793,81.2737793052
1311,80.299987793,81.2711621217
1312,80.299987793,81.2685471567
1313,80.299987793,81.2658464259
1314,80.299987793,81.2631479845
1315,80.299987793,81.2604078392
1316,80.299987793,81.2576260254
1317,80.299987793,81.2548465698
1318,80.299987793,81.2519814877
1319,80.299987793,81.2491188343
1320,80.2666625977,81.2463144253
1321,80.2666625977,81.2435123472
1322,80.2666625977,81.2405616015
1323,80.2333068848,81.2376133084
1324,80.2333068848,81.2345812001
1325,80.2333068848,81.2314653463
1326,80.2333068848,81.2283520824
1327,80.2333068848,81.2251551404
1328,80.2333068848,81.2218745899
1329,80.2333068848,81.2185967661
1330,80.2333068848,81.2153216666
1331,80.2333068848,81.2119198782
1332,80.1999816895,81.2085209172
1333,80.1999816895,81.2051247812
1334,80.1999816895,81.201731468
1335,80.1999816895,81.1983409751
1336,80.1999816895,81.1948670346
1337,80.1999816895,81.1913959815
1338,80.1999816895,81.1879278134
1339,80.1999816895,81.1843762622
1340,80.1999816895,81.1809139286
1341,80.1999816895,81.1774544726
1342,80.1999816895,81.173997892
1343,80.1999816895,81.1704579188
1344,80.1666564941,81.1669208878
1345,80.1666564941,81.16321424
1346,80.1666564941,81.159510673
1347,80.1666564941,81.1558101843
1348,80.1666564941,81.1521127712
1349,80.1333312988,81.1484184313
1350,80.1333312988,81.1447271619
1351,80.1333312988,81.1410389605
1352,80.1333312988,81.1372459989
1353,80.1333312988,81.1334561899
1354,80.1333312988,81.1296695307
1355,80.1333312988,81.1258860189
1356,80.0999755859,81.1221056517
1357,80.0999755859,81.118242161
1358,80.0999755859,81.114468147
1359,80.0999755859,81.1106972699
1360,80.0999755859,81.1069295269
1361,80.0999755859,81.1030786498
1362,80.0999755859,81.0992309735
1363,80.0999755859,81.0953864951
1364,80.0999755859,81.0916314777
1365,80.0999755859,81.0878795813
1366,80.0999755859,81.0839582721
1367,80.0999755859,81.0800402221
1368,80.0666503906,81.076039163
1369,80.0666503906,81.0720414293
1370,80.0666503906,81.0679607528
1371,80.0666503906,81.0637972024
1372,80.0666503906,81.0596371125
1373,80.0666503906,81.0555667459
1374,80.0666503906,81.0514997624
1375,80.0333251953,81.0474361591
1376,80.0333251953,81.0432896677
1377,80.0333251953,81.0391466228
1378,80.0333251953,81.0349207557
1379,80.0333251953,81.0306984009
1380,79.9666442871,81.0270559435
1381,79.9666442871,81.0234160476
1382,79.9666442871,81.0197787113
1383,79.9666442871,81.0161439329
1384,79.9666442871,81.0125117105
1385,79.9666442871,81.0088820424
1386,79.9666442871,81.0052549267
1387,79.9666442871,81.0016303617
1388,79.9333190918,80.9980083456
1389,79.9333190918,80.9943888765
1390,79.9333190918,80.9907719527
1391,79.9333190918,80.9871575724
1392,79.8999938965,80.9836187212
1393,79.8999938965,80.9800823586
1394,79.8999938965,80.9766944576
1395,79.8999938965,80.973308939
1396,79.8999938965,80.9699258012
1397,79.8999938965,80.9665450425
1398,79.8999938965,80.9631666612
1399,79.8999938965,80.9597906557
1400,79.8999938965,80.9564170242
1401,79.8666381836,80.9530457651
1402,79.8666381836,80.9496768768
1403,79.8666381836,80.9463103575
1404,79.8666381836,80.9429462056
1405,79.8666381836,80.9395844195
1406,79.8666381836,80.9362249975
1407,79.8333129883,80.932758446
1408,79.8333129883,80.9292943323
1409,79.8333129883,80.9257596672
1410,79.8333129883,80.922117996
1411,79.8333129883,80.9184058769
1412,79.8333129883,80.9146963681
1413,79.8333129883,80.9109164806
1414,79.8333129883,80.9071392512
1415,79.8333129883,80.903364678
1416,79.799987793,80.8995927591
1417,79.799987793,80.8957322639
1418,79.799987793,80.8918379898
1419,79.799987793,80.8879099605
1420,79.799987793,80.8839846934
1421,79.799987793,80.8800621867
1422,79.799987793,80.8760329681
1423,79.799987793,80.8720065828
1424,79.799987793,80.867983029
1425,79.799987793,80.8639623046
1426,79.799987793,80.8599444077
1427,79.7666625977,80.8559293363
1428,79.6999816895,80.8519900757
1429,79.6999816895,80.8479805979
1430,79.6999816895,80.8439739396
1431,79.6999816895,80.8400430863
1432,79.6666564941,80.8361879846
1433,79.6666564941,80.8323355939
1434,79.6666564941,80.8285953827
1435,79.6666564941,80.8248578016
1436,79.6666564941,80.8211228489
1437,79.6666564941,80.8173905226
1438,79.6666564941,80.8135878336
