,b4,b5
0,3.376632501079269,0.3023017095488758
1,3.3597371989381446,0.3021949380886959
2,3.394028850203021,0.3129671615807871
3,3.425056837375416,0.3224514869266627
4,3.438387642136347,0.32953904329653466
5,3.4107925334844094,0.2833108374815434
6,3.388777007415409,0.29846337176382676
7,3.3703492830991375,0.30173059071730934
8,3.478206712167857,0.29565012753030506
9,3.505629897288028,0.3015758082601804
10,3.4876680203040356,0.300081296941877
11,3.4678757151605075,0.2993141777946018
12,3.46128733968624,0.2998190502637689
13,3.47619429151164,0.30126624334592256
14,3.4450055258292127,0.2957099469249573
15,3.4833748970652954,0.3088967052947509
16,3.482997784793071,0.3095025868170791
17,3.531373852296899,0.2855816010743448
18,3.485527997475631,0.29656643284273293
19,3.485640348518074,0.2982709593586185
20,3.517741393134934,0.318822873944368
21,3.4884784854225845,0.3294718285946768
22,3.4907815482591973,0.3297856609022875
23,3.4502264550638357,0.2937500265964406
24,3.4395037607827814,0.2944424754453744
25,3.4600660481110133,0.2968338366190493
26,3.4288274151926927,0.2879872394852372
27,3.4628835299025034,0.3000215982594279
28,3.4682463403352277,0.3016416240049751
29,3.495255281833304,0.280555990624712
30,3.462277279057382,0.29207790404284967
31,3.459569372801872,0.2958146559456901
32,3.4264502240744523,0.2805106273750191
33,3.444217137065658,0.286633098201419
34,3.447920157787424,0.2877171073951995
35,3.466660919456948,0.29659373251536264
36,3.4716332833643904,0.30021895815633226
37,3.4697629604625364,0.299503098118957
38,3.4995778593502487,0.27904927541407865
39,3.462984694154193,0.2900742112106387
40,3.4570012182593026,0.2937261298257815
41,3.4241767125086118,0.2785856112586498
42,3.443223833460291,0.2846842664498128
43,3.4475058422018243,0.2855877371978748
44,3.551500824124778,0.2732035536319577
45,3.4618318959817547,0.28607199924635907
46,3.4518315846867513,0.2908436470940635
47,3.4234241832758463,0.2787845430079124
48,3.4481679814317547,0.2866479648180123
49,3.450721038182087,0.286993083578245
50,3.4676153189225802,0.2753802374358076
51,3.4690216343555926,0.29637120390574295
52,3.4811657926040556,0.31735934367819746
53,3.4816306834382016,0.2837975918021798
54,3.4195426940224083,0.2870978575601867
55,3.453325330955641,0.29519780747442875
56,3.388984442525172,0.28396248837988314
57,3.4276354401751767,0.29769672797048974
58,3.436323465866613,0.3014012820688772
59,3.5257491555958556,0.2799857485754409
60,3.430205405121078,0.2946489002098051
61,3.4262339029794884,0.2998299121013296
62,3.4139018360362936,0.29927004375328636
63,3.4458589198565392,0.30969426217698953
64,3.450491959920799,0.31052334194899145
65,3.4337894047679156,0.3020298126795539
66,3.44624245770287,0.30538430654832116
67,3.4473240269296963,0.3050664656354846
68,3.49553466819305,0.2799364760283347
69,3.457585137576915,0.2909486108700571
70,3.4530874629782127,0.2952595708834508
71,3.418454438014308,0.28301352903666904
72,3.4479562205859184,0.2922787973152634
73,3.4520217774928272,0.29302488734616816
74,3.46694597701921,0.30032236217528113
75,3.461087321705037,0.2986784346014681
76,3.4603644200488937,0.29869305988427586
77,3.44902749812926,0.2898069781572257
78,3.4839808204716327,0.301342970539421
79,3.438908994748839,0.28703544573549444
80,3.410258158545161,0.2746050541677612
81,3.470358126388278,0.2942820207287655
82,3.439634209120921,0.28462809953119295
83,3.4833450298849318,0.30492928836257027
84,3.4233530514098347,0.2870011100939628
85,3.484323522408657,0.30695919907471797
86,3.400194552833894,0.2751187692964562
87,3.483940680917833,0.3025599171582506
88,3.446282866946585,0.29079457882384147
89,3.5139889443551695,0.3179205928626378
90,3.4297010371050924,0.291096418072712
91,3.478549338187959,0.3072675762666826
92,3.5063810626387313,0.2863843184252593
93,3.448509015954661,0.296056149611961
94,3.4638903698679204,0.3021591463342908
95,3.4554160856891976,0.3127727178579891
96,3.475780092007622,0.32041503437760244
97,3.4783770269898238,0.3216296082662051
98,3.483397608590539,0.3253799160965456
99,3.4803423236678626,0.3250111876590865
100,3.4797111899883197,0.325167302098508
101,3.5006179147702894,0.29177423131628066
102,3.43178114191407,0.2992577090581682
103,3.462248824341425,0.306464157195257
104,3.403543151675984,0.28072030654447316
105,3.4193927149641503,0.2863479520957298
106,3.452140125177608,0.29724377597117774
107,3.508671920559607,0.29419908603337835
108,3.483022142390318,0.30416736821744106
109,3.473911790287306,0.3286477157760114
110,3.4401792509553752,0.305849502370663
111,3.4623262035428084,0.31382640988644317
112,3.468628289403327,0.3162667510946095
113,3.514534738909932,0.2945286681854755
114,3.4775623939228244,0.30654659678114693
115,3.4779743606504985,0.30847449725347137
116,3.4161857250925394,0.337239074444674
117,3.457679954960056,0.3503288942301787
118,3.4251021985535686,0.3428031920604527
119,3.4430561022925925,0.34925477460542337
120,3.429463483564752,0.34552976415674985
121,3.437434641361775,0.34818648245950923
122,3.3739325103495816,0.3130601454656583
123,3.4225689522031817,0.32967661096165446
124,3.4283191658768657,0.3318052429665228
125,3.4074929510009193,0.3180499450052299
126,3.4102182874533873,0.31920009165426083
127,3.4237499874782737,0.3238416959073918
128,3.4245757062688087,0.29664081905278533
129,3.3916469325253953,0.3060070496435804
130,3.3607862480706725,0.31428799077274544
131,3.387801715465085,0.3024222938267144
132,3.4843922963223464,0.35763178830275816
133,3.4281074087969574,0.34802098407469234
134,3.3672830939679943,0.3151195266908451
135,3.403927702382331,0.3288279993808004
136,3.416891745357716,0.3332386864485215
137,3.432905323369356,0.3085950814682404
138,3.4133736811982454,0.3264683731953081
139,3.4366488100008397,0.350287540773591
140,3.4139980184216823,0.33532334241482303
141,3.436156785533851,0.3526362612052128
142,3.4359234399242693,0.3526614446861584
143,3.384971258837159,0.3265750020897734
144,3.4291765668920924,0.34320730270392025
145,3.432880648594556,0.3443230212451386
146,3.4309345499587844,0.2977932061002185
147,3.3911688236699105,0.3103613832302151
148,3.3658045852640517,0.31741178218025623
149,3.37998285381039,0.30857621300401183
150,3.419101034588011,0.3174117821802561
151,3.390886632203494,0.31718505420524795
152,3.38454046370414,0.31696874336432446
153,3.3675009898239323,0.3174117821802561
154,3.378995459520381,0.3174117821802561
155,3.3700336616791113,0.32262671420232997
156,3.4231304877025073,0.34169074836216673
157,3.427946028621053,0.3431019546583425
158,3.420995163927494,0.3251963971670074
159,3.439199717226658,0.351730227521618
160,3.435715263159286,0.35059364906281787
161,3.4011659896456528,0.33142046328390795
162,3.4163630561449865,0.33720410412610324
163,3.4310368512496985,0.34186581653259274
164,3.4342668975251223,0.29830570863239014
165,3.3940014606967646,0.3098093011993308
166,3.367049002946482,0.3174117821802562
167,3.4092499050842444,0.3280971813516094
168,3.412688019869326,0.33467068434631786
169,3.4328221643644596,0.3437445798204549
170,3.424302049641289,0.3396116710055497
171,3.434394308147896,0.34288258441864794
172,3.4358345448357617,0.3433078640828179
173,3.4340521472843477,0.2977665622961603
174,3.394585347482487,0.31024810414100057
175,3.370867652111413,0.31741178218025623
176,3.362027603540102,0.313258284812592
177,3.3811678381035506,0.31716242548242685
178,3.3812070155335694,0.3174117821802561
179,3.388420470173514,0.3282263312057745
180,3.413662753245689,0.3378695993071993
181,3.430312692267855,0.3448501557863644
182,3.4207848053556327,0.3342190678690637
183,3.438033085994587,0.3510347219508105
184,3.437626171017503,0.3508922319101806
185,3.4294218033655857,0.3073489602956181
186,3.38916771760218,0.31666000418651336
187,3.3837017209902474,0.3174117821802561
188,3.3750454798965244,0.31680798181809555
189,3.3561454098771435,0.3174117821802562
190,3.3515687880587746,0.3174117821802562
191,3.3863142438619422,0.30844838628840543
192,3.4146144796060804,0.3174117821802561
193,3.383957095872118,0.3174117821802561
194,3.3904601452500707,0.3174117821802561
195,3.3854622431909953,0.3174117821802561
196,3.38806738388992,0.3174117821802561
197,3.419745051950352,0.34663901881964415
198,3.4531997538062313,0.353743549047556
199,3.4332353094436496,0.3539980937270211
200,3.4552865004192395,0.3602771612064159
201,3.42630670689321,0.3533626071042439
202,3.4421021773849114,0.3574991143745887
203,3.4010600722990856,0.29712966461584167
204,3.364152919718098,0.3119471713370119
205,3.34534843498076,0.3174117821802561
206,3.348926892974786,0.3174113601890745
207,3.3522163445102033,0.31741178218025623
208,3.3521565103682143,0.31741178218025623
209,3.36055154989503,0.31637978940102
210,3.3789260131672103,0.3174117821802561
211,3.3659814983368723,0.3174117821802561
212,3.368165727518969,0.31680972595364143
213,3.3493167302159397,0.3174117821802562
214,3.3445979799928063,0.3174117821802562
215,3.3591941812660866,0.31012069323873326
216,3.393648503468878,0.3174117821802561
217,3.370124260673578,0.3174117821802561
218,3.375931564723956,0.3125348766851216
219,3.409621533516701,0.3174117821802561
220,3.392922252741263,0.3174117821802561
221,3.4224501815984243,0.3494737224284859
222,3.4385011748536343,0.352776447039077
223,3.442141729471895,0.3576497887334363
224,3.400608240374542,0.334625883450835
225,3.432846276764869,0.34702946724401207
226,3.4385988033318284,0.3493540594573556
227,3.403957494719299,0.3024836002989239
228,3.3811318018230447,0.3157274231884829
229,3.371459199609262,0.3174117821802561
230,3.3679479108468144,0.31638988654094224
231,3.3511431261011535,0.31741178218025623
232,3.3508025192229476,0.31741178218025623
233,3.3966822231275327,0.3315341690802094
234,3.4165834900801264,0.33996421301080426
235,3.4394139359518503,0.349936052557141
236,3.418502176072283,0.3044874727166917
237,3.384497993929192,0.31624598635283946
238,3.3836752538166883,0.3174117821802561
239,3.379484579146745,0.3174117821802561
240,3.3821428336238046,0.3174117821802561
241,3.3801835318901716,0.3174117821802561
242,3.395433892579937,0.3080505697724512
243,3.4064813973243444,0.315675336185898
244,3.46794025466207,0.3600380106554938
245,3.4015935635682006,0.2972794241691854
246,3.375480076269885,0.31203278328473244
247,3.3500221301777566,0.31741178218025623
248,3.358041164822684,0.31597639391184634
249,3.3808344643099075,0.317574017308368
250,3.36491961976232,0.317655134872424
251,3.3788279067225244,0.31771870036460587
252,3.337842438402119,0.3178173700005359
253,3.3524052488137355,0.31789848756459194
254,3.349599925585137,0.31797960512864787
255,3.354957889813033,0.3180607226927038
256,3.352537401001544,0.31814184025675984
257,3.3901653149169144,0.3085023498795947
258,3.425313137466309,0.3183040753848717
259,3.3932306490942428,0.31838519294892764
260,3.3876623561450594,0.31750776270913467
261,3.367528223288376,0.3178099995121688
262,3.3855631607505288,0.31780538439181916
263,3.4132600515343334,0.333092015223575
264,3.488458489732975,0.3563165813215578
265,3.437275418433051,0.34971600927206326
266,3.4172059451447057,0.29967146918929066
267,3.3822517088268538,0.3149313563499322
268,3.3686296593236578,0.3172367548411852
269,3.402243058934811,0.3068313579529077
270,3.4365078125404023,0.3168783580680452
271,3.4032735319984018,0.316198971243965
272,3.409762248578624,0.31171047711784716
273,3.4214162247942657,0.31531515033105567
274,3.4302936653430924,0.3386675372348957
275,3.4110842767294516,0.3189679862872429
276,3.4422869545532064,0.3465821929920867
277,3.4511258731702075,0.3491202310312332
278,3.45363657399601,0.29663179506730697
279,3.3599624875090317,0.3151952169265845
280,3.360284630939972,0.314980840708849
281,3.35715645869348,0.31476646449111345
282,3.356297799387872,0.31455208827337783
283,3.355812273758469,0.31433771205564226
284,3.41276197194529,0.32521904594031603
285,3.4385760489744333,0.33470836527056436
286,3.454864216616369,0.3411844767930537
287,3.4302641528186864,0.2959166567691488
288,3.4070085431696446,0.31117565278695203
289,3.3880032947701983,0.3147549235944037
290,3.3890544798981206,0.3148103877183979
291,3.390043700854205,0.3148658518423919
292,3.3881876853407045,0.31492131596638584
293,3.412032927000834,0.3034579267572211
294,3.4525560796730197,0.3150322442143739
295,3.420346229172,0.3119095854441546
296,3.4971289784490507,0.3164604158869064
297,3.5070974809335524,0.31980461937104776
298,3.5089826267459956,0.3202624230917988
299,3.5457706795330255,0.3051335577038113
300,3.522443594683015,0.31175964054452804
301,3.560986793558679,0.334334614740709
302,3.5194821044464693,0.34509573180204584
303,3.489494957154249,0.33657586072313933
304,3.5363727915818224,0.3510337655098438
305,3.497318952419428,0.3317721926003753
306,3.516828385704345,0.3382358079985241
307,3.5176908581565893,0.3382874465722632
308,3.4424057093483444,0.2955053409289908
309,3.472669011708205,0.30521349619069904
310,3.4911652925427648,0.3109397850722794
311,3.5096349924254984,0.30134706146335394
312,3.513533638446186,0.3105768310626457
313,3.552738918347594,0.3329605307037767
314,3.4374050535895417,0.2924620895569355
315,3.4901963042790163,0.3091764137810511
316,3.4783495796060233,0.30499579957831924
317,3.480315271159003,0.30547850418735245
318,3.492262450700742,0.3089819516498069
319,3.4922288417671004,0.3086162939577834
320,3.5422027774334497,0.30118000483037566
321,3.4991587753841524,0.3067719854731318
322,3.510739596925859,0.31194163856541723
323,3.4920893989378414,0.3211714025509131
324,3.509025732864862,0.3266543302924425
325,3.511726558854862,0.3272519574344464
326,3.5160805830157438,0.30563758477983516
327,3.5096170040111994,0.3322543665582574
328,3.5181850333691598,0.33828375058376725
329,3.431471720848799,0.28718120804386876
330,3.428827494574723,0.28633631914286145
331,3.429790401235834,0.2866563265807809
332,3.555315759771079,0.33306117811873
333,3.463741429785022,0.3034769289274623
334,3.5094851691391513,0.31823851314931473
335,3.534978892716677,0.306658310123067
336,3.5248947487725077,0.3362144009007776
337,3.521616405741878,0.3361096998871447
338,3.437189720796879,0.28969185667301384
339,3.4337304591680424,0.2892867555449346
340,3.438136210716011,0.29142160102261916
341,3.541328195096686,0.3046863990384092
342,3.5096016054480454,0.31637238005513674
343,3.5011994280256977,0.32129439248713537
344,3.404001120850721,0.2944183484573174
345,3.4044827488435483,0.2953248786763618
346,3.4152332518039143,0.299528768636354
347,3.5106313385011214,0.31094516708589354
348,3.484317017840284,0.323080384876531
349,3.4813350639954317,0.32811415947985445
350,3.4092608278140184,0.29859110636888975
351,3.4074072755188523,0.2974092663566329
352,3.402274214576906,0.2951614125518063
353,3.5258485667922086,0.31365380362037953
354,3.4851816965026505,0.325088490446221
355,3.4877000966372336,0.3249049278218361
356,3.4773118921377177,0.31643271278639046
357,3.4981670959790994,0.32242468485308595
358,3.5112822033885145,0.3259747251115169
359,3.526553689399698,0.3118520507989423
360,3.5035928414906614,0.3207364728250984
361,3.5002709125031823,0.3191502755244036
362,3.5197133576780177,0.34223859109596316
363,3.5224805678596187,0.3432811650457077
364,3.522757974542071,0.34320345804781893
365,3.508222699359565,0.31386573341775115
366,3.4993312665400733,0.3178337872427439
367,3.497698017588402,0.31723366640260137
368,3.4957604400952054,0.3118419011955261
369,3.5027157534457096,0.31397898143574876
370,3.5027171819076597,0.3137890547130764
371,3.4186877528683013,0.2880731616335341
372,3.416153121151269,0.287067273140414
373,3.4165769175565015,0.28701678666616137
374,3.484775737743978,0.3040961590252342
375,3.5016503068773477,0.31655587729672674
376,3.495455898648127,0.31608323607285416
377,3.494612036963791,0.31634415749753675
378,3.4937431422027365,0.31620272168265
379,3.4923903413537665,0.3160175108871721
380,3.479257791102907,0.32663001197353225
381,3.544735120180128,0.34807957799832895
382,3.5101144682912135,0.3370510905766688
383,3.5319804696699393,0.3466892884543895
384,3.498322392669998,0.3359639648585832
385,3.517003103703736,0.34214105757505564
386,3.498016937471541,0.31631173536842117
387,3.500531754999599,0.3199013780941965
388,3.5371931172898643,0.3417920046262324
389,3.4135570749651083,0.29504069311294306
390,3.412965793042379,0.29608860648843305
391,3.4129331821480426,0.2973169384532393
392,3.491698970047951,0.3135754846098776
393,3.498101337835012,0.32634226803533173
394,3.5034322659765484,0.32961335748507875
395,3.537255350873153,0.3465719506395189
396,3.5204988915289106,0.3642678721523614
397,3.5024656983864944,0.3595155106062492
398,3.4266105607732205,0.29991794341760514
399,3.4252594144741426,0.3002593631286585
400,3.42390826817506,0.3006007828397114
401,3.506931193790305,0.32689977047099356
402,3.501682208903648,0.3562200820354981
403,3.5129213824435155,0.3640095991073498
404,3.3351518754621905,0.3055194764754209
405,3.330144277633126,0.30472048485234415
406,3.329536080000822,0.3053218891560335
407,3.429668332235858,0.317808965888455
408,3.4406565849241937,0.3356971680150542
409,3.4405715181508323,0.33704621157774833
410,3.452078885298742,0.36464255952257785
411,3.470902215015721,0.37088020689699747
412,3.456829258370764,0.36711108902038897
413,3.4372353647736995,0.3546567031910941
414,3.4475700177843254,0.3587613767341659
415,3.458733146246576,0.3626968545536837
416,3.460756637000291,0.32904131520316404
417,3.399921136402418,0.34010651773862166
418,3.39594703300128,0.3414987357242658
419,3.4007651980500024,0.3515294353187595
420,3.4388410760260184,0.3651891055208243
421,3.443469606519943,0.3667442917756498
422,3.413328059881905,0.349548528756798
423,3.4743229758837226,0.3691187013828376
424,3.4244327460835056,0.3528651005696471
425,3.4977348843850624,0.3802387218399588
426,3.4075492482311187,0.3527184434227717
427,3.4577109055081654,0.368477731382343
428,3.430601022331712,0.3271364387043828
429,3.3924505374950873,0.33587742086187483
430,3.4033105110903077,0.33830970497289525
431,3.3819929909640063,0.3375959506354627
432,3.4352423111524963,0.35572660660730343
433,3.4382101880684375,0.3566048403157583
434,3.4395477697196903,0.35655117586429785
435,3.442480939142119,0.3574182010498472
436,3.443735469241849,0.35774312234387834
437,3.439825732419784,0.3189235452617991
438,3.4108270740515363,0.3338578435998566
439,3.3905995190286258,0.3373667029380232
440,3.396999869455023,0.3275625825908887
441,3.437109803275156,0.33712335024585516
442,3.4150312896284034,0.3360155009599891
443,3.418343840367714,0.3244663280880905
444,3.3813605449345716,0.3363312959673198
445,3.3826851031353646,0.33663664486151945
446,3.3785066386214755,0.3368004808086145
447,3.431929917580052,0.355502857180434
448,3.435775048051179,0.35667765802499996
449,3.4381506511117705,0.35718876319420145
450,3.440053509020358,0.357743111989419
451,3.4413598378257273,0.3581048162159744
452,3.4351876933773196,0.3203759218101302
453,3.395615673798149,0.3327160763977969
454,3.397277436002214,0.3354198814006799
455,3.394104517817365,0.32813044254180623
456,3.4279275026542804,0.33509541114445607
457,3.4083503798836534,0.3341543969745336
458,3.4333516195178477,0.3588387836582257
459,3.446016822459019,0.3652391219204434
460,3.4476413528133256,0.36560744270681766
461,3.44759738185916,0.3665365592376698
462,3.449938568774857,0.3679960824477386
463,3.449541185294271,0.3677816746683921
464,3.4127747596118856,0.32731784016983984
465,3.3964598922408396,0.3334730598633369
466,3.3982711376687313,0.33322970717116907
467,3.3946408056322634,0.3325219730131316
468,3.401712774445465,0.33274300178683314
469,3.397919417047026,0.33246268278839963
470,3.395811021882789,0.3267869778146941
471,3.4842935345867816,0.3748783227364893
472,3.417430035390384,0.36440578424106684
473,3.4506422073775065,0.3739039791950383
474,3.440727044684592,0.37120088026670855
475,3.442034052777081,0.371303607348668
476,3.401402211914369,0.32831955637020577
477,3.367618216804409,0.32971333377174633
478,3.387606986490679,0.3304311512112382
479,3.3643374682832423,0.33038309948997946
480,3.4222172577998475,0.35021530058709094
481,3.425705280377556,0.35122925194555843
482,3.4228311387666617,0.3183942171738172
483,3.3862137949013382,0.3269713711039892
484,3.3983797073085085,0.3292143877503988
485,3.4173035134249097,0.34867777843649056
486,3.4340606920643113,0.3579237786567639
487,3.4363787856032117,0.35846917005837686
488,3.4203690056112115,0.3179131802465096
489,3.3854294697160565,0.3267758791762625
490,3.3845735716067873,0.3278759479434754
491,3.3943359074755755,0.33953140846842955
492,3.4212554751323947,0.351402442893313
493,3.43417444338893,0.3558692611084746
494,3.4214274049157267,0.3498788274297405
495,3.433058625385114,0.3535287657955394
496,3.434430209524903,0.35380360025951213
497,3.4244977179276543,0.3190999533523162
498,3.3875676852864207,0.32170628972733667
499,3.409292912588962,0.32563337694458594
500,3.395282943824083,0.31836813763667166
501,3.373170834356728,0.3251914179752382
502,3.3798647203321477,0.32519906832962864
503,3.369502744466133,0.3247091388243838
504,3.3393885287404372,0.3248745980734047
505,3.3551292845061482,0.3247123629452928
506,3.3513866595588424,0.32455012781718084
507,3.3523782174320207,0.324387892689069
508,3.351361927268832,0.324225657560957
509,3.3753339392149098,0.3150038847498604
510,3.4132982111991135,0.32390118730473316
511,3.3826629470523017,0.32363647679325064
512,3.3892769465103156,0.32361727583053734
513,3.3754535246452364,0.3234955994844534
514,3.3820005885100075,0.32337392313836943
515,3.380820029352382,0.3231031610080401
516,3.39332807757571,0.3231305704462015
517,3.3872803625115355,0.32300889410011757
518,3.3884831566583866,0.3228872177540336
519,3.3879669560881283,0.32276554140794966
520,3.388167606807443,0.3226438650618657
521,3.3719662010381297,0.32098328116160385
522,3.3669546173050895,0.3224005123696979
523,3.3614195453584768,0.32227883602361396
524,3.3757002267655807,0.32942252703090313
525,3.4293402086355633,0.3487828967411829
526,3.434038476124011,0.35006380481698046
527,3.423679066363907,0.3026764082580595
528,3.3845891125271304,0.3139913900252358
529,3.359595936909466,0.3213054252549423
530,3.4174935268642477,0.3419942694555759
531,3.4213882288669226,0.3462876691298636
532,3.437813000155471,0.35384919504978646
533,3.4019884847461146,0.3068489987032358
534,3.379000603886439,0.3190500950118558
535,3.3707657885428994,0.3203320144862709
536,3.3736162514921335,0.3152611861842479
537,3.4107846649258113,0.3207376023065506
538,3.3917374895801573,0.32094039621669057
539,3.4035929261022444,0.3368376457792331
540,3.4365850615590205,0.3505812879569644
541,3.440298299276462,0.35178161171503886
542,3.4494000538171212,0.300571999774897
543,3.3716299892599153,0.31334813512877074
544,3.35132890766491,0.32215715967753
545,3.385445905044373,0.3112641205891032
546,3.435327367880315,0.3225627474978098
547,3.4003894237591705,0.3227221199093603
548,3.4022778169646983,0.309372532577666
549,3.357939290814025,0.32159185316126626
550,3.3576644757371623,0.32162765664955684
551,3.356756538299735,0.32166346013784725
552,3.356789911207618,0.32169926362613765
553,3.356806684662675,0.3217350671144281
554,3.3999653266685383,0.31249700045654183
555,3.422944061904925,0.32192627871697244
556,3.3916184077619613,0.3218006356428832
557,3.3839686950004984,0.3176580150284404
558,3.372708702473405,0.32221309612078886
559,3.3758248379225364,0.32230870192206085
560,3.3895245075563833,0.3133799596117169
561,3.399658983889019,0.3210455913058827
562,3.406389006223829,0.3224643708005047
563,3.4229127857636037,0.3126026925455879
564,3.3779730399627486,0.3222866047934149
565,3.362620147741723,0.32263898403752567
566,3.4006639078475134,0.3315794845003836
567,3.4407207550946324,0.3469170813437328
568,3.4453990145072417,0.34756143174923615
569,3.428071361512209,0.314250040452837
570,3.4274533258626385,0.3165290022611925
571,3.4486585408728287,0.35228184802730533
572,3.4342689098306662,0.2973426291198917
573,3.4036388635932244,0.31188116192920967
574,3.382904027931259,0.3180191610617433
575,3.3962087690018374,0.3062261248579204
576,3.443648958692728,0.3175333174941647
577,3.4114873423462515,0.3140508413631907
578,3.4398575663444566,0.3372181266582641
579,3.454928771266793,0.3416238405684264
580,3.45698291436837,0.3412098410931834
581,3.424078422107507,0.3069964819784761
582,3.4109943159062044,0.3046687895199949
583,3.4312983581243257,0.30933530493663575
584,3.480292870175732,0.3020162329169235
585,3.4990871498300025,0.3070802550150424
586,3.501353735007621,0.3067348621038106
587,3.5000481564777606,0.30503316259323093
588,3.4998889096518004,0.30390436555728495
589,3.4995615588476725,0.3027212806111769
590,3.5149199488435254,0.2905657708173882
591,3.538632824124874,0.30757632538241264
592,3.5154000278979205,0.3266501513099997
593,3.5167272122695366,0.29251502211924574
594,3.463726288507113,0.2979148012762113
595,3.494333041265362,0.3058745265536026
596,3.487444397998338,0.3040584142887085
597,3.4862356294515147,0.3034989958450771
598,3.486513075108108,0.30325256459426814
599,3.4235689722687574,0.27502404823504756
600,3.4216780322511826,0.2741212430698071
601,3.4592669156070777,0.28590996656795487
602,3.539107768143769,0.2934152630078058
603,3.498587551865704,0.3015089345445742
604,3.512093334333802,0.30854597102205206
605,3.4322033820770645,0.28268512835182114
606,3.431331318335542,0.28416414766551257
607,3.4653605585998237,0.2968925726895199
608,3.5432298692418023,0.30630506042836936
609,3.5510761898477425,0.3201099216923504
610,3.5163716505126086,0.33689296074056735
611,3.5393923387798853,0.3158845279062744
612,3.4795659461222312,0.31559063735351794
613,3.514878938052578,0.3274777435520463
614,3.438616529624409,0.29755821170137653
615,3.438121952980604,0.2958096104132676
616,3.4839048093868046,0.308965461239972
617,3.486794426876558,0.3068503413464284
618,3.4884046428513904,0.3057409715550496
619,3.495211901596036,0.3063099474760612
620,3.5315609611381693,0.3051792623453635
621,3.5151637925578685,0.3090457913293527
622,3.5244280506749157,0.3114102415398255
623,3.4444392869370324,0.2835146359104133
624,3.4443218825690103,0.2818309444251787
625,3.4424531820615956,0.27957802989826597
626,3.536910429120691,0.29728459173177474
627,3.5070118189303265,0.3060837751283908
628,3.5170158103852436,0.3119329269535929
629,3.4473070680006708,0.2863039110906537
630,3.4460750191306806,0.2872012459283735
631,3.442781359106587,0.2874282975190523
632,3.4991187778035124,0.32276968708800724
633,3.513623509603081,0.3386935041953016
634,3.5085805959724894,0.33837570247655835
635,3.485631096696098,0.30915889292915194
636,3.478336676699569,0.3207795785424681
637,3.484093013811696,0.3245439122933348
638,3.479988406371917,0.3231916698231854
639,3.4769724382072265,0.3215088536653332
640,3.477441610291954,0.32093534460422457
641,3.475561302349791,0.3163792328963684
642,3.4803180704993473,0.3172394289962866
643,3.4801821230909553,0.31647451518563785
644,3.5011830984077608,0.3168758057047732
645,3.498530021568253,0.3156293626757861
646,3.4971272421594,0.31434147583345656
647,3.4366233641472683,0.289083164630409
648,3.4343988510812213,0.28752587457384066
649,3.430796349362121,0.28552357348888247
650,3.4966056979403737,0.3135224948823091
651,3.503534217916938,0.31683060473464897
652,3.486282938052379,0.3123300308436958
653,3.525637252623374,0.3092635109689124
654,3.5011540429474413,0.31780221033223066
655,3.4966744168177346,0.317496080242712
656,3.496140221203338,0.3153317911834832
657,3.5000486069883308,0.3176852938139068
658,3.4999688755094263,0.31872787224765375
659,3.494782156111898,0.339636239028766
660,3.5088086485312076,0.34560179666554286
661,3.5105292688985847,0.34722805467120993
662,3.428744385648431,0.29665847394075706
663,3.428902147954813,0.29586253219657005
664,3.4254433093051615,0.2938986364876305
665,3.4281604853342147,0.2931184248418417
666,3.452885678209127,0.30025634925682254
667,3.473595788719223,0.30609763314557414
668,3.520777152718363,0.32413626797860834
669,3.4556324371614324,0.30225138419856823
670,3.493777422203738,0.3137231291424385
671,3.4643926925869755,0.3019677395893773
672,3.490609151825078,0.3095872572137183
673,3.476634427583941,0.3042273356731296
674,3.5284808411712327,0.3078105391190078
675,3.5017885941148768,0.31441551505595994
676,3.499978311846189,0.31641456637006765
677,3.4931126202381346,0.3160204731445929
678,3.4892474686509796,0.31540861880299054
679,3.490539009355641,0.31621825377678403
680,3.489221722551743,0.3163531892758221
681,3.4847617443375385,0.31540635932445915
682,3.483979633139143,0.31551285614771857
683,3.4313235654938317,0.304042098381217
684,3.471502324737633,0.31737656727828395
685,3.4696820087763087,0.3171477520314593
686,3.481962284972347,0.30802339786270905
687,3.4841953214149353,0.3158563019971043
688,3.4955396712760023,0.3202197119526715
689,3.478643651088886,0.3283604878660633
690,3.4948796188510367,0.3343466069756365
691,3.481364632893805,0.3302132539402416
692,3.4307777731826916,0.3413557749868879
693,3.455129219299112,0.3494711551391711
694,3.442451137519346,0.3456281289189997
695,3.4014878134553337,0.3281911245394603
696,3.4680299540666772,0.34993167083809074
697,3.4357399253202443,0.3397551144622038
698,3.3551674268051195,0.2983261362313823
699,3.389291673129611,0.3103565734925062
700,3.4031793293492854,0.31585175681399974
701,3.4356388445246457,0.3323229445880143
702,3.401789551741696,0.32559791751230915
703,3.4646625102721815,0.3469125342587296
704,3.4617353021896027,0.3439231504248784
705,3.4304752108106253,0.3555031025345527
706,3.435147968572323,0.35800609199951533
707,3.399119997984069,0.33581833918095627
708,3.4701121926580916,0.35992656823084
709,3.412664396740342,0.3422826134912847
710,3.437626945180321,0.32763808004217293
711,3.4183863032078308,0.33004881543444387
712,3.4643897326195296,0.3545974548865255
713,3.4185695457514944,0.3325060261162623
714,3.37502104149265,0.33429643577330465
715,3.404446894690803,0.3415266085003489
716,3.406633771822586,0.3303515219122724
717,3.4179900614458236,0.3356007329911283
718,3.4779628142677974,0.3808176309965419
719,3.424340373268256,0.3376680108175299
720,3.3960444079367966,0.3462461592435182
721,3.3921476842801415,0.346370752548235
722,3.369792911835937,0.33453118038181645
723,3.4001924376020822,0.343825808074932
724,3.419226941717138,0.350299495897633
725,3.4592094036257603,0.32502815578000865
726,3.4051839500467453,0.33868170665532893
727,3.3948851102309696,0.3427204621657167
728,3.376465482448091,0.33633561417082347
729,3.4087939892201766,0.34555655942853614
730,3.430063940503198,0.35347769184811284
731,3.4494085868855655,0.32487076370376816
732,3.420135222182401,0.33859755903985733
733,3.4180851133204357,0.3377915385910782
734,3.4086392218239223,0.3312188651125565
735,3.3839261273106986,0.3374308784990894
736,3.3909116664830474,0.3372450265919391
737,3.3834695184557972,0.33663664486151945
738,3.370284596858839,0.3360282631310997
739,3.3750626621526454,0.3354198814006799
740,3.3835854836229595,0.3398696085659077
741,3.4303749381267834,0.3561474583882241
742,3.432888235617636,0.3566490816500665
743,3.4283232111006954,0.32570186529055184
744,3.4185438513442072,0.33042047336601427
745,3.4173581062033267,0.3297569019371418
746,3.4195819369952027,0.35517238448657457
747,3.4382736532078852,0.3613764842599434
748,3.4387456736012814,0.36117073393284527
749,3.4227674728100075,0.32491325091218937
750,3.4118379944168047,0.3280465614846255
751,3.410686594159722,0.3273991445914619
752,3.4003525027619736,0.3156920793262621
753,3.3665716662350724,0.3277137128153635
754,3.3683520991825757,0.32751091890522355
755,3.3660509662964078,0.3177282378894852
756,3.389105251408062,0.32560112905772437
757,3.386820265987878,0.3263361616841621
758,3.392461639833851,0.3266997432646639
759,3.3823981636685754,0.32642361906281214
760,3.3870694595502298,0.3262941554443841
761,3.3907187502205525,0.3172417992276597
762,3.407448980303012,0.32400449036062
763,3.4151749421141897,0.35333818872959843
764,3.3808779405196927,0.33331425222423017
765,3.4023926946962733,0.34129626268235025
766,3.4187876680872167,0.3466008740232085
767,3.44962937323629,0.3062346873909578
768,3.353332581931454,0.3244690102531249
769,3.3532631240201973,0.324225657560957
770,3.3510758341590114,0.32398230486878915
771,3.3512149821270905,0.32373895217662135
772,3.350702901985405,0.3234955994844535
773,3.368598595060618,0.3292334287947755
774,3.418075166102541,0.34762010629805473
775,3.4212663414303086,0.348408053661364
776,3.4246838790450287,0.35307024555269234
777,3.422980205408649,0.35232124140617654
778,3.4236251174250643,0.35239137260132775
779,3.4212752817417003,0.3093343373178741
780,3.354758892468811,0.3187695147896335
781,3.3851356349541994,0.32154877794711023
782,3.3813498193658016,0.3349154421516569
783,3.4033529710232036,0.3433480069755337
784,3.4232590574573822,0.34989287029483374
785,3.4344574451013745,0.30245980120485083
786,3.3410828964521126,0.3205348083964107
787,3.341646198118373,0.3203320144862709
788,3.3742688097726816,0.31059547233212376
789,3.4132143226843352,0.32049424961438266
790,3.3798770115292793,0.3205267704220893
791,3.4035127533694265,0.34257152205135843
792,3.425855000804685,0.35251695240062925
793,3.4283644068555787,0.35328460016063495
794,3.40889845618336,0.3078563262426782
795,3.372787676674576,0.319586915617056
796,3.371217009384619,0.3210620725627744
797,3.364499915386436,0.32114319012683046
798,3.3569257835318265,0.3212243076908864
799,3.3612740143677766,0.3213054252549423
800,3.355876299974354,0.32121874135067385
801,3.329314459983172,0.32138654281899837
802,3.344382552596878,0.3214271016010263
803,3.344442854138025,0.31639507170970993
804,3.385325976147486,0.3215082191650822
805,3.3641942327336887,0.32154877794711023
806,3.3515289804204023,0.32050105633377796
807,3.3486599821261187,0.32162989551116633
808,3.342793256226239,0.3216704542931943
809,3.417819467242629,0.3473640030671701
810,3.417576778164207,0.35140873768743425
811,3.4330732591291016,0.35860756873142635
812,3.4081449937151858,0.30931983422465437
813,3.3776079651455717,0.32155751502016966
814,3.382564944861114,0.32203548333144605
815,3.3762760690890565,0.31822539234686636
816,3.4038160186914355,0.3221977184595579
817,3.390189345766744,0.32227883602361396
818,3.3790098334874283,0.3214439952390752
819,3.362499157825588,0.3224410711517258
820,3.3787706907433366,0.32252218871578175
821,3.3962540768990195,0.3393399941633715
822,3.4316233583105906,0.3524670194592024
823,3.4355047779990024,0.35363519468532095
824,3.4352715633294055,0.30455072891736423
825,3.364593409846277,0.3146003574323455
826,3.349852913226568,0.3230088941001176
827,3.3902612547207758,0.3111878518942544
828,3.518359978139381,0.3660365082543892
829,3.4421525985360484,0.362180354185695
830,3.412669841289899,0.3455288308416613
831,3.437710213557956,0.3548167853953774
832,3.440658574508639,0.35574067656677183
833,3.4436364518575378,0.35703848588184656
834,3.4429970736410613,0.35689685695992523
835,3.443737183258506,0.35715613680404523
836,3.436572835855467,0.3055147709097422
837,3.3665791340202174,0.3153909576524623
838,3.35280941204627,0.32353906419610184
839,3.377767218462138,0.3144539456142886
840,3.417224620257058,0.32360280139694986
841,3.383807604566902,0.3236346699973739
842,3.3742321928091474,0.3180548788097778
843,3.3609756179430974,0.32342402011512983
844,3.3577892811325203,0.3233186951740079
845,3.373516636413907,0.31448826500315674
846,3.4074599715177123,0.32310804529176373
847,3.3828431913120305,0.3230027203506417
848,3.391211497984583,0.3117685480488479
849,3.3716282863906994,0.32277437710973844
850,3.363947006706156,0.3226867455272756
851,3.3697850737107875,0.3225814205861535
852,3.368726863770547,0.32247609564503144
853,3.3686184316750176,0.3223707707039094
854,3.3685605028109635,0.32231469472641927
855,3.354253000930766,0.32225861874892925
856,3.3609025122637433,0.3222025427714391
857,3.399978548227274,0.333857777743196
858,3.441282399988509,0.34913261501709103
859,3.4443566963941565,0.34997809309006617
860,3.4182737575702196,0.30375202390448647
861,3.3938898810638727,0.31906326974248705
862,3.3781716297051902,0.32210943959866634
863,3.376594472993329,0.3221344811852321
864,3.3730432018730157,0.32215952277179805
865,3.3745693504432874,0.32218456435836385
866,3.3746678866156254,0.32148362536087294
867,3.3943884855455084,0.3218687980873727
868,3.3848074036646794,0.3217109149518771
869,3.3859631460414708,0.31968993412107083
870,3.406992112924833,0.3213951486808859
871,3.3972100318756264,0.32093805682455884
872,3.453913480008752,0.3442927153182004
873,3.464604084053817,0.3497826647273735
874,3.4656793404428785,0.3498265519623617
875,3.435701543344084,0.30181805388148764
876,3.4096533512715452,0.31684753578507785
877,3.3901349217055703,0.3200466140402488
878,3.413072842252976,0.32269023881738496
879,3.4509833072798832,0.33802984514892254
880,3.45428295073188,0.3386602541866477
881,3.44685087597664,0.3109066813559713
882,3.4451328196681676,0.3135592802295363
883,3.4626551260874225,0.34855158649497847
884,3.4100586982261105,0.3200971811598995
885,3.4334905807705307,0.32818806926160055
886,3.4517732536148493,0.3336771894155626
887,3.4578552591549907,0.3330332663179365
888,3.458787622250869,0.33876082441635147
889,3.45726675498403,0.3378545408555716
890,3.4451526406337156,0.2976280644532142
891,3.4145924645613817,0.31211500211651744
892,3.38837740678819,0.316739171683757
893,3.4144886827441137,0.3032150747146158
894,3.4615958523930552,0.3269965668535072
895,3.4330716986460983,0.3103364427337262
896,3.400333898658876,0.3156258792033074
897,3.4428282768765506,0.32989147786016526
898,3.4459929821108584,0.33070528112416764
899,3.4511476703310673,0.33358065752319044
900,3.4427150924672447,0.33064920579791357
901,3.452853180799809,0.33371501046775454
902,3.4369097152722703,0.32730850488195784
903,3.4543793266013827,0.33270601666030714
904,3.445103236894004,0.3294662062830191
905,3.4514284552341215,0.2946135625409929
906,3.413562435949395,0.3084406382437798
907,3.391170071727274,0.31272287630857426
908,3.38555084528512,0.3107027534910963
909,3.3982156831018298,0.3123307523593887
910,3.389499658739474,0.31105175811326125
911,3.4327235120775503,0.3316650911096382
912,3.4447275164524407,0.3364107523288365
913,3.4466388165378925,0.3368038799252993
914,3.411400365578512,0.29814204405635636
915,3.3842487736115174,0.3075997347670863
916,3.3982695059784156,0.3119051220840156
917,3.3910226909241565,0.31070722550165203
918,3.394188048152106,0.3117610959415158
919,3.3919600207356786,0.3116896240727207
920,3.346585620613978,0.3113395700918168
921,3.335004451125269,0.3124659793476811
922,3.349875747885064,0.31353699164108706
923,3.372043118563397,0.29852486507236964
924,3.393552153536208,0.30707963071284405
925,3.396461947136536,0.3084420518990483
926,3.3870753267323934,0.32256454012219954
927,3.412280381459266,0.33097466758900884
928,3.4230009960124725,0.33372924924859415
929,3.4147813218302767,0.29570798106033097
930,3.3676475202564973,0.3064645491496649
931,3.3659023843325224,0.3097004949130231
932,3.3873265253213205,0.31843598634442827
933,3.4171674042847915,0.32874443615380433
934,3.420871921209687,0.32965437563925776
935,3.3930195401017307,0.2969727607544985
936,3.386942974255243,0.3070725116399957
937,3.3853264245974453,0.30642334641941227
938,3.3825291066337093,0.30271649049241317
939,3.331511094334245,0.3069193015115014
940,3.3623493300918854,0.3125586998480755
941,3.355868609653708,0.3133288996018573
942,3.3473404271730485,0.31365489842193806
943,3.3518249916970877,0.3148136662123416
944,3.363855722036313,0.30401794628522183
945,3.403918236744665,0.3160500379768497
946,3.3840315461656276,0.3128759436645222
947,3.3859607875686044,0.3052666005533691
948,3.3990291808492534,0.31041486884534947
949,3.4010466044541467,0.3115447611019332
950,3.4130679447575747,0.30589894933912987
951,3.3639022588979985,0.3177949422688819
952,3.377429517527109,0.32166219262965945
953,3.395899567026878,0.3268638573273602
954,3.4221020599035064,0.3360302153645362
955,3.4337438960281093,0.3404932631017873
956,3.4143911384963057,0.30747969031719097
957,3.408333646947711,0.3195685966325106
958,3.407687078903479,0.3198298300150675
959,3.4456474021538632,0.3504377347698607
960,3.4423494986016787,0.35042035565034557
961,3.4481919485092063,0.3527637504811971
962,3.4311327723682266,0.31055290864425056
963,3.3931732836304622,0.32603649606935664
964,3.3761360289075757,0.3310274223680421
965,3.411185291655741,0.3394586392974699
966,3.4361068078961208,0.34854082079787896
967,3.4502107555505623,0.35418250941438856
968,3.456694085582107,0.35745009484839796
969,3.4532237734566005,0.35654741305220233
970,3.4526846688235135,0.35635978783332745
971,3.433967613678489,0.3227990880697301
972,3.41909191122259,0.3270630797579969
973,3.4174170453289534,0.3265412934160761
974,3.4423520020523224,0.3513259807871674
975,3.4429515173068332,0.3521475315299226
976,3.450395659726304,0.354452965013879
977,3.427890582485301,0.3171526139148152
978,3.3778186405351445,0.3244247228093876
979,3.3939888213201836,0.32818028374678687
980,3.353213985224498,0.3260614781075044
981,3.3372852835672235,0.3266288962855314
982,3.354377730415367,0.3267182906224051
983,3.3525645228954097,0.319528861407375
984,3.3856489717655642,0.3257436285394839
985,3.365969242959589,0.32467798533019565
986,3.368678259890994,0.3234067341051459
987,3.3798357114177473,0.32454195136572805
988,3.373872975723434,0.32372966254414803
989,3.3746037794784396,0.3238276052334327
990,3.3700804160107594,0.3232415598576302
991,3.371696510019889,0.3231132591011373
992,3.3692463257335534,0.32267251261414476
993,3.36863025459733,0.322317795404786
994,3.368074174160616,0.3219200635566104
995,3.362553806770431,0.3213676346004959
996,3.360544800688803,0.3211245998602591
997,3.359882797539855,0.3207268680120834
998,3.4027106948529857,0.33884091623514867
999,3.4300639216281885,0.3494047763051292
1000,3.4335981300344875,0.3502430110601818
1001,3.412757436262621,0.299185309610482
1002,3.3406477951022744,0.31727832877783024
1003,3.339683924679015,0.3165886209309798
1004,3.4036343436629077,0.3356491796414979
1005,3.429375815066909,0.3489483231294185
1006,3.433449341872095,0.35017073430300727
1007,3.390872740018792,0.3128956498916631
1008,3.384119305031113,0.3138443744234585
1009,3.4027712571960826,0.3173305275395928
1010,3.4278242238057466,0.3484257037353972
1011,3.438391904834789,0.3527997183804012
1012,3.439889017936792,0.35321679093017094
1013,3.3938911011610218,0.3137790396404465
1014,3.3872891562003105,0.31486744672478795
1015,3.4045326948682173,0.3174117821802561
1016,3.3979573493437725,0.31370914505704367
1017,3.406196737912015,0.31670685522596853
1018,3.406612067479981,0.31674822665371194
1019,3.38655851890101,0.3148176796272866
1020,3.3705892681700957,0.3163890826999042
1021,3.390312061776786,0.3174117821802561
1022,3.4081541184571846,0.3076004632315275
1023,3.3556619814597246,0.3171483981372072
1024,3.337897528442233,0.31741178218025623
1025,3.3432846660106357,0.31741178218025623
1026,3.3435123537287406,0.31741178218025623
1027,3.343462688218854,0.31741178218025623
1028,3.376073978263943,0.3062865166605043
1029,3.4232061836130203,0.3174117821802561
1030,3.3890513102330693,0.31695416499726237
1031,3.381783800373694,0.3159639848142556
1032,3.3634601557192285,0.3169980428396658
1033,3.3806219630824064,0.3174117821802561
1034,3.4019447318098486,0.3064662135546115
1035,3.414789616997808,0.31542782835661337
1036,3.4403235808383785,0.3464326799087558
1037,3.401511663004146,0.2995003125926583
1038,3.368988190628854,0.31503645066438235
1039,3.3556302439359844,0.31741178218025623
1040,3.3585325851752597,0.3170927998613136
1041,3.338304390759151,0.31757401730836804
1042,3.3380439084156786,0.317655134872424
1043,3.3392841394543957,0.31773625243647996
1044,3.3400505225498516,0.3178173700005359
1045,3.340099997660719,0.3178984875645918
1046,3.3465538424145294,0.31797960512864787
1047,3.346771855738963,0.3180607226927039
1048,3.3469593691137476,0.3181418402567599
1049,3.36347012356922,0.30940762149654316
1050,3.3997864659500427,0.3183040753848717
1051,3.374538667778662,0.31838519294892764
1052,3.3803482764823802,0.3184663105129836
1053,3.3880975960607804,0.3185474280770396
1054,3.3850306423110403,0.31862854564109555
1055,3.385952357511178,0.3187096632051515
1056,3.3810514299727865,0.3187907807692075
1057,3.3837438253648737,0.31887189833326346
1058,3.4016882725170996,0.30840572251071935
1059,3.50160527445647,0.3618995124875351
1060,3.453084616516511,0.35834274835010144
1061,3.410801026279811,0.30075528319702205
1062,3.374581542424767,0.3117845229354683
1063,3.348262330474362,0.31935860371759933
1064,3.347019879478629,0.3194397212816552
1065,3.348014618302731,0.3195208388457112
1066,3.3480618017104784,0.3196019564097672
1067,3.3837746053518516,0.30955150837328105
1068,3.424971019583502,0.31976419153787905
1069,3.3916842615022844,0.3198453091019351
1070,3.39300997745602,0.3194956780529882
1071,3.3768871841787353,0.32000754423004696
1072,3.3884096662637297,0.3200886617941029
1073,3.4407692491302995,0.34696030864581184
1074,3.477547366318805,0.3582102541832559
1075,3.4564581762210995,0.35841800738520724
1076,3.438028739148595,0.3080773678840006
1077,3.389341470535048,0.31966507467690686
1078,3.3984626914231617,0.3203320144862708
1079,3.3917720326520775,0.3197568433495266
1080,3.3580014002496736,0.3203320144862708
1081,3.374854815984242,0.3203320144862708
1082,3.369932538678909,0.3203320144862708
1083,3.348649932456352,0.3203320144862708
1084,3.358336882180101,0.3203320144862708
1085,3.3550094289013503,0.3203320144862708
1086,3.343130720330683,0.3203320144862708
1087,3.348496128733485,0.3203320144862708
1088,3.38078952724137,0.30907871579411567
1089,3.431920169286535,0.3203320144862708
1090,3.397171255991752,0.3203320144862708
1091,3.4028855719223134,0.32008284927817565
1092,3.4097295158590297,0.3203320144862708
1093,3.407399297821873,0.3203320144862708
1094,3.408135828170595,0.3203320144862708
1095,3.405766693843086,0.3203320144862708
1096,3.4072527699051935,0.3203320144862708
1097,3.3914049685971075,0.3193079231388517
1098,3.372919588707411,0.32030329959843873
1099,3.390186302184778,0.3203320144862708
1100,3.3873778396703544,0.31439360815810763
1101,3.4235914585865284,0.3203320144862708
1102,3.405569197387252,0.3203320144862708
1103,3.4057199390053263,0.31657413946333646
1104,3.416818730053149,0.31986445495654314
1105,3.4982010792185947,0.3630953520241888
1106,3.407561762205378,0.3012563222209207
1107,3.371445498616138,0.3140898033490748
1108,3.351639026124384,0.3203320144862709
1109,3.3796219093092374,0.3085340896197406
1110,3.4377501535740542,0.3203320144862708
1111,3.4016484021001308,0.3203320144862708
1112,3.3988772786370256,0.3009115173221111
1113,3.369762871841758,0.31589615751651184
1114,3.3497341189978846,0.32094039621669057
1115,3.3478435904686585,0.3211431901268304
1116,3.3481858532520885,0.32134598403697023
1117,3.348440655318794,0.32154877794711023
1118,3.387783180333736,0.3059579694855009
1119,3.437454246952748,0.3477898217261442
1120,3.464676704314113,0.3620262754453249
1121,3.4514574101677375,0.3110661203311314
1122,3.39746299081924,0.3221019831380288
1123,3.4007083001796525,0.32276554140794966
1124,3.4152225377142615,0.31287576859022054
1125,3.516282107565968,0.3651045042808742
1126,3.469160046181879,0.36265716515381424
1127,3.45429413128983,0.3012929781723043
1128,3.371169195071048,0.31487054773097645
1129,3.360205038466793,0.32270597525460043
1130,3.354763573054891,0.3221120955650257
1131,3.3511157239203118,0.3215182158754509
1132,3.350921366178743,0.320924336185876
1133,3.394714299522217,0.3060549718306344
1134,3.4035752419694374,0.31103621418856847
1135,3.4159597809008226,0.3178295071017127
1136,3.4048448137564833,0.29813242155562575
1137,3.362030949689913,0.3154427959236463
1138,3.3644943174580906,0.3172393817023429
1139,3.3590479410420135,0.31660494323074007
1140,3.3572966084632254,0.31597050475913724
1141,3.3565790901274024,0.3153360662875344
1142,3.3560202211300836,0.3147825368276127
1143,3.351636623200104,0.31422900736769077
1144,3.3527548808154313,0.3136754779077691
1145,3.387737952360132,0.29455728868602743
1146,3.398355388812689,0.2981160121260429
1147,3.416019206321732,0.3049646745040841
1148,3.414312756767614,0.2983851693058542
1149,3.376339273260074,0.30905803785107977
1150,3.3728421571984493,0.3101226207442808
1151,3.3989744579960575,0.2963272415802626
1152,3.4421063317304323,0.30810732099904237
1153,3.4089030073425137,0.30114360208142055
1154,3.413838815800424,0.29553268795708393
1155,3.448987364973429,0.32040496807478236
1156,3.4556526289002094,0.3386526329856382
1157,3.4171282877005673,0.2883180576187614
1158,3.387586437142461,0.3005000803477649
1159,3.360239435791524,0.3067707725147697
1160,3.384910355977929,0.29083316700931505
1161,3.398269333605506,0.29500561055302543
1162,3.4086297921828104,0.2994893141215738
1163,3.4118868664784885,0.30299483050990716
1164,3.394398270868562,0.29882854974727135
1165,3.4037002044341023,0.3007572878933021
1166,3.4048041813748195,0.3033761924652538
1167,3.383782073303453,0.3003547780991208
1168,3.3943858607792436,0.30279578132977325
1169,3.401362910683038,0.2890660043227836
1170,3.4132358922923713,0.2932221510096672
1171,3.4155156889028504,0.2938541279815358
1172,3.416687528922006,0.2957486411709006
1173,3.414943872628358,0.2951022060141536
1174,3.415225206032462,0.2950997029739706
1175,3.4187653182535676,0.2966549599683316
1176,3.3639864007236953,0.2960066504162481
1177,3.400378094731349,0.30601238514819534
1178,3.403393371671752,0.2885771546804072
1179,3.415435297086639,0.2924457413989049
1180,3.4180414147811944,0.2929667861889236
1181,3.42656213144466,0.29686572110118603
1182,3.3699042201669043,0.2938515946072884
1183,3.4067779009874943,0.30438626429931953
1184,3.391891956754804,0.3017872251735443
1185,3.356330678037372,0.30037670062622734
1186,3.3803476675716406,0.3053967675821776
1187,3.3898444946934907,0.2872938529434316
1188,3.433621340499026,0.2998440629462643
1189,3.408789210051043,0.29241898461113425
1190,3.4146479608509472,0.2948705271703084
1191,3.378248299216204,0.3013858954538265
1192,3.3902435790233008,0.30480300871397925
1193,3.368374867946662,0.30431401431650124
1194,3.3504423197812985,0.30390469564259714
1195,3.3674412430287717,0.3080412994550011
1196,3.3683603427464686,0.3021349641012188
1197,3.38996808066134,0.3083828129504717
1198,3.375884917864876,0.3060475742301755
1199,3.3661367785531024,0.30789269931469543
1200,3.3514588101570335,0.30796100801320453
1201,3.3669133815360226,0.3115211860528153
1202,3.3965743960926167,0.28887466644738563
1203,3.414182754655575,0.29484848827322474
1204,3.418984016564537,0.29624300995450087
1205,3.4164168255088203,0.293092393509699
1206,3.421412065426632,0.2945665842393061
1207,3.4221153203844157,0.29466127746722265
1208,3.41394930640275,0.2934890324316637
1209,3.3878450561437403,0.306148351139853
1210,3.3750900234656704,0.31002598379247204
1211,3.3705322302849616,0.3072668875544944
1212,3.3792486986800316,0.30880982443989646
1213,3.3712430617582916,0.30767922740739745
1214,3.393636194727007,0.29264548641960336
1215,3.4343074944386296,0.30447097101155596
1216,3.408192475047355,0.2966507167388731
1217,3.4026872184655774,0.29884009255158583
1218,3.402148707897539,0.2985080149777573
1219,3.401261196763702,0.2976979805948259
1220,3.4680502800098743,0.32339708463297023
1221,3.448164776438026,0.3248406142789153
1222,3.452240196140265,0.32567284343657876
1223,3.411137394661411,0.2912566998948297
1224,3.386585915411593,0.28431317434207043
1225,3.4133232292879345,0.29225994056044247
1226,3.3959394011659367,0.29262420903677205
1227,3.3835412801995606,0.298426188659954
1228,3.3796862345549354,0.29783775671212637
1229,3.3897729450830982,0.28537484416229586
1230,3.394259082836741,0.28745970362790696
1231,3.399222993300632,0.28919697494515795
1232,3.3682416095723737,0.2906996129319457
1233,3.3684230281606244,0.29964287030873005
1234,3.365682533833376,0.29904025372488946
1235,3.3813295229589952,0.283043187610339
1236,3.421271706387082,0.2959076648002596
1237,3.3880132803565095,0.28598677112194415
1238,3.3851871103111613,0.29135739554778106
1239,3.357192588110213,0.3003918078075606
1240,3.3543332800423897,0.2998982786699729
1241,3.363232748422824,0.287360559672115
1242,3.4003960632950934,0.2990853424399053
1243,3.3704025000714055,0.2912602396566123
1244,3.380114633561817,0.28663473272276385
1245,3.397620053391252,0.29256040077865675
1246,3.3836254834175183,0.2881661280053817
1247,3.3834326067697664,0.2782737441328449
1248,3.487026547972867,0.3320149647142043
1249,3.410760959383089,0.3175721419826885
1250,3.3911565652101703,0.28932527102977634
1251,3.3766128274827425,0.28628757641489894
1252,3.3942875335804756,0.2925482562688384
1253,3.3909773451136775,0.28452672583343563
1254,3.388765924625273,0.28454710995120597
1255,3.3932633459382893,0.2865366554760078
1256,3.393518334221229,0.28788760710304356
1257,3.3933135027918278,0.2882666867267177
1258,3.3929966833275778,0.2886165670260161
1259,3.392021414102601,0.29188530783628513
1260,3.364724591950903,0.30123510043522866
1261,3.3517631270426875,0.30321158551276695
1262,3.3699114598323208,0.28728265318744606
1263,3.4164233282533654,0.3009337270420487
1264,3.381093907162567,0.2921094936598189
1265,3.4027317820608127,0.29169489663247306
1266,3.349446523951699,0.3007326901735959
1267,3.3631769128935995,0.303246586856426
1268,3.3548833856535296,0.30146125238654625
1269,3.3625574090086405,0.30239156049088595
1270,3.358105085952322,0.3021058498788137
1271,3.3574762339018753,0.30038301965606956
1272,3.3659807854535857,0.30205148650172325
1273,3.3614554051082073,0.30138089206583146
1274,3.3537047779496043,0.300835570151476
1275,3.3370218665159697,0.30526184961596164
1276,3.3429715366077706,0.3067476251317538
1277,3.347664599584514,0.2969190093045706
1278,3.3873425363555385,0.30766139456978325
1279,3.3596809725203594,0.30530705082082216
1280,3.3647808220897715,0.3088398522573874
1281,3.3581208223239556,0.30880928972173904
1282,3.3617341288185028,0.3103901370942887
1283,3.388157421462577,0.2949364157650676
1284,3.4288709737083636,0.31857173102103714
1285,3.4229035251486692,0.3397372826767743
1286,3.4019860536897437,0.29839642407294575
1287,3.3446470509686117,0.31671909012014926
1288,3.3417794076188456,0.31717001733058847
1289,3.3444175076170053,0.31379227784053815
1290,3.3529154555121425,0.3179335240029933
1291,3.3538719804711654,0.31881918011682436
1292,3.3873119509316507,0.301697252139655
1293,3.4305889023701357,0.32632598779181154
1294,3.4315458047646548,0.350533327827158
1295,3.39491252820251,0.3180117271832352
1296,3.386220151883869,0.31753285083178584
1297,3.4049823321589,0.3218446426254282
1298,3.3967682219265347,0.31170009119828274
1299,3.491867830924253,0.36406586732436685
1300,3.432400638749582,0.3538981799639034
1301,3.41607386744488,0.30881700313131427
1302,3.3853119177895943,0.3199083503285563
1303,3.379834929088347,0.3203320144862708
1304,3.380256985349184,0.31373679308074415
1305,3.3934284936405437,0.3193631207668431
1306,3.3935799540895877,0.3189935746793474
1307,3.3950157778368504,0.30643867479326214
1308,3.408450598329633,0.31197113106712676
1309,3.4167346023787606,0.31436604798077383
1310,3.433114169573624,0.30621055938171027
1311,3.3713907001360655,0.3156397188286789
1312,3.384118685024489,0.31631669506550064
1313,3.37570941785587,0.3155431686541287
1314,3.345202046242178,0.31542440186088505
1315,3.3606436159242037,0.31497825525857726
1316,3.3859820438164547,0.3061662858831007
1317,3.417582075585366,0.31408596205396166
1318,3.3939614554852118,0.31363981545165387
1319,3.4091295955829946,0.3034269973529626
1320,3.36571113660211,0.3126924941075485
1321,3.3567102312614763,0.3123013756447304
1322,3.3697219047353766,0.31155164644882805
1323,3.336696968665638,0.31140908244011495
1324,3.335867319543482,0.3109629358378071
1325,3.3349998424207037,0.3105167892354992
1326,3.3297637235017454,0.3100706426331914
1327,3.331437087485723,0.3096244960308836
1328,3.3802262564250882,0.29421503788819886
1329,3.407582779236652,0.30697224484484753
1330,3.4070796132691985,0.3064687234782569
1331,3.4156914767034197,0.30485408461270264
1332,3.3997475068028487,0.3077993508396245
1333,3.3994351502767506,0.30743432180137265
1334,3.398190768381163,0.30694484578154924
1335,3.3966441709454895,0.3067042637248689
1336,3.3964247505908545,0.30633923468661717
1337,3.373904131503618,0.28945627128833495
1338,3.3534314073426046,0.30440105054634936
1339,3.3392992221868987,0.3052441475718617
1340,3.3543230398540356,0.3048385597515818
1341,3.347557349360094,0.3044329719313019
1342,3.3491271982425266,0.30402738411102215
1343,3.355544340717603,0.3036217962907424
1344,3.359718905682187,0.3032162084704625
1345,3.353398359817476,0.3028106206501827
1346,3.358786753778437,0.30240503282990294
1347,3.3303827556380576,0.30199944500962306
1348,3.3414545414885124,0.3015938571893433
1349,3.3372046746029276,0.3011882693690634
1350,3.3179671157588997,0.3007826815487836
1351,3.32622131045014,0.30037709372850385
1352,3.381697089509558,0.2861600368400563
1353,3.386162106889196,0.28946889690634164
1354,3.4068884198177907,0.29846170314176734
1355,3.424340946693699,0.2806851465971556
1356,3.35743475474778,0.29087241545101594
1357,3.3345334279035166,0.2981869194989928
1358,3.3786776867593473,0.2868878043717785
1359,3.430499437132197,0.29745686142248917
1360,3.3889397130051986,0.2970918323842373
1361,3.393587642783238,0.29299664029280104
1362,3.4037515391543467,0.2963617743077336
1363,3.403987900455801,0.29599674526948183
1364,3.401766548408387,0.2716577110784061
1365,3.3289402938462747,0.295672275013258
1366,3.3262049503579663,0.29551003988514607
1367,3.3304130018690694,0.29460572446018324
1368,3.3361738113029245,0.2951855696289222
1369,3.3360800560456454,0.2950233345008102
1370,3.3517640586649105,0.2943456382998931
1371,3.3211588722919667,0.29469886424458647
1372,3.3206005371409897,0.29453662911647455
1373,3.3686880549090525,0.28321862135035436
1374,3.3742472289362793,0.28879049121317946
1375,3.3855763138240373,0.2940499237321387
1376,3.3953592739536607,0.2727486753037016
1377,3.3538520797805846,0.28345636264447094
1378,3.3208504936411622,0.2936848946938868
1379,3.3707112128865107,0.28254734255827096
1380,3.3776712310541344,0.2901962356837389
1381,3.37907269191503,0.29331986565563506
1382,3.3864815896323517,0.288004642202515
1383,3.398685507608761,0.29307651296346715
1384,3.3992392351955374,0.2929548366173832
1385,3.3969388376373764,0.2744950205527973
1386,3.3593983556501694,0.28652093474818596
1387,3.332100764258026,0.29258980757913144
1388,3.3745627282379513,0.28133790512555745
1389,3.3793495003586878,0.2874029413376267
1390,3.3902618727980074,0.2921031021947955
1391,3.37013228477119,0.2748636518813037
1392,3.373907073153514,0.29073415927018864
1393,3.3362217737239206,0.2916163968104597
1394,3.380495988126421,0.28074578147980583
1395,3.4260734771113825,0.29129192655423597
1396,3.386811459812631,0.291129691426124
1397,3.38672204020618,0.281147576465521
1398,3.363925681367522,0.29042621048067124
1399,3.3428441787073218,0.2906429860417883
1400,3.3843887910124795,0.28002822651964987
1401,3.3886957344811637,0.2865535205782807
1402,3.403915555392239,0.29123751654684815
1403,3.407442722919609,0.267072221213396
1404,3.330324769997885,0.2916569555924877
1405,3.32531057860494,0.2918597495026276
1406,3.3236406488484587,0.2920625434127676
1407,3.3242015167777184,0.29226533732290755
1408,3.324315925160456,0.2924681312330475
1409,3.372828232019404,0.28165687596143196
1410,3.3770454186732333,0.2887970414745342
1411,3.3876015175390637,0.29307651296346715
1412,3.398810191496336,0.29027272966936746
1413,3.4067848703964128,0.2926626658699619
1414,3.48256199074085,0.3356588285285595
1415,3.407154971290538,0.2717446610524844
1416,3.3505170092125955,0.28183407642362884
1417,3.3295376446114022,0.2931858003997131
1418,3.3283468647189336,0.2926446874568867
1419,3.326864113997749,0.29210357451406044
1420,3.326214411038942,0.2915624615712341
1421,3.374406426995571,0.27616901027522667
1422,3.3799467766223668,0.2787388692600483
1423,3.4055423453036995,0.289066698950178
1424,3.418160632155278,0.26817787893554745
1425,3.3505199779071053,0.27470804970124346
1426,3.3350536156737065,0.28819410756819197
1427,3.331002617312553,0.28420047811726196
1428,3.3485328502029246,0.2870307641184833
1429,3.345585403913261,0.2864490923936289
1430,3.3756880873843067,0.2738684918837808
1431,3.4290015604467365,0.28501839742706125
1432,3.3899775973449526,0.2811817811548645
1433,3.37187728942072,0.2728798310723226
1434,3.3545151221363927,0.2814577677709029
1435,3.346165062394343,0.28215700749392597
1436,3.3644112032953326,0.2811109255042017
1437,3.3496615063848725,0.2818619584241417
1438,3.3495208989437764,0.2814568778036347
1439,3.3897709885150498,0.26739933971985685
1440,3.396433564235685,0.270201728535819
1441,3.408176569193836,0.27538290245516517
1442,3.3867179633077704,0.263259405186937
1443,3.3647929717141936,0.27769192766092693
1444,3.3510847662352132,0.2797474557598844
1445,3.3544042124628195,0.27591438962784204
1446,3.38213422804866,0.2793330892672745
1447,3.367311223081708,0.27835869518651535
1448,3.4619676609262218,0.277737743519598
1449,3.4518708706684045,0.2771789228594733
1450,3.464039757406789,0.2783858816578947
1451,3.4616941266336765,0.27718352069622243
1452,3.492669013181246,0.28802199492746683
1453,3.496555580319538,0.288891100404451
1454,3.504203696895222,0.26480349117825575
1455,3.4762641901609883,0.27320545111023564
1456,3.4909854782788576,0.27833021729505303
1457,3.46798298306301,0.2764454928123954
1458,3.4835376048319713,0.2821371457217462
1459,3.493236760643352,0.285212779948663
1460,3.501467612485105,0.2891794823237963
1461,3.4971649511312726,0.2876796581115957
1462,3.496999804789485,0.28751601312438785
1463,3.497141395470287,0.2671096105207067
1464,3.4701731145519124,0.27582820583010725
1465,3.4834951389120974,0.2810812856514839
1466,3.4800601884056204,0.2832549590470063
1467,3.46119868851459,0.2802078034758217
1468,3.470099966973023,0.28267797848453274
1469,3.46698557224081,0.2773605773156673
1470,3.4854460393343207,0.28254928244638583
1471,3.4775326903403037,0.2806711220677312
1472,3.498415092510203,0.30349468730767826
1473,3.5066731422151487,0.30627438425980014
1474,3.5085857208743296,0.30676093991577885
1475,3.490671592717546,0.29825100280996675
1476,3.5064973678796387,0.30339188803239664
1477,3.5077748302308405,0.3036733376733624
1478,3.4766036554655506,0.28098072487888465
1479,3.487858975016022,0.2848163639312347
1480,3.491725835844074,0.2862376422900161
1481,3.4740395253327394,0.27806334373349045
1482,3.5112127049762574,0.29024064621125306
1483,3.4841713519688025,0.28168035034289535
1484,3.509514033940996,0.2746772478919085
1485,3.4952564734040847,0.2815750596284564
1486,3.5043717761441937,0.28554805440849873
1487,3.5387879058031375,0.3036678318226314
1488,3.5001621990595306,0.28294857958312103
1489,3.5007768674124713,0.2833479956638401
1490,3.477588765649934,0.2871174516450197
1491,3.4932674323130812,0.2925471723680695
1492,3.501481161531463,0.2953461551005195
1493,3.4924572779738736,0.28669319339466903
1494,3.5349952588583067,0.3005801290298808
1495,3.480819083977338,0.28322896513854673
1496,3.5170085013171306,0.2775749926536
1497,3.467057402658265,0.28917870394264195
1498,3.4598937320078855,0.294033588483701
1499,3.4551337042607955,0.28524473922771904
1500,3.4737077250838784,0.29171282011548005
1501,3.478259956733149,0.29330749664122346
1502,3.4859875160851055,0.29747437686223965
1503,3.4814991117860985,0.2962772807230985
1504,3.4916504550233247,0.2998079804856285
1505,3.5448734834121662,0.3221132350753045
1506,3.4599386585167524,0.2949365749676947
1507,3.5083018914423407,0.31080751591379796
1508,3.463512792046752,0.2827091592321831
1509,3.526642309907888,0.3032685406504361
1510,3.4947410984885194,0.29313846575715047
1511,3.516218312402771,0.28339833744854603
1512,3.5118921082081487,0.2893032692638323
1513,3.5093418168341017,0.2886590297147569
1514,3.487425736800537,0.29462197602098195
1515,3.547222227572923,0.3144966663008548
1516,3.484978562206394,0.29492325902659566
1517,3.500584612268237,0.28737074039438465
1518,3.5009491818572664,0.29570520097182956
1519,3.4956378994301356,0.2952502014517157
1520,3.4949269413332353,0.2941454999171004
1521,3.4940927723209203,0.2944935646954213
1522,3.4935751735199876,0.2948727258943964
1523,3.4927578997008273,0.2923162527254547
1524,3.49897654453443,0.31982282791068894
1525,3.5168618314677276,0.331567220133074
1526,3.4738096608664564,0.31407447984384784
1527,3.5321957596385176,0.33338571922277854
1528,3.501927035971257,0.3240665532511631
1529,3.491389892291309,0.3095654634364674
1530,3.541538693276822,0.3262165297065578
1531,3.4776069255412287,0.3060261378896788
1532,3.469861712888966,0.2938144171314081
1533,3.512755844136754,0.30811371987840774
1534,3.468277927974308,0.29418574757216365
1535,3.4565930368264857,0.28902370525283666
1536,3.492384814580119,0.3010182243683595
1537,3.4752534451249093,0.29592161278929596
1538,3.544394651203443,0.29986195884289135
1539,3.4996338981674597,0.3069829471193701
1540,3.4873765521673055,0.3088499655006281
1541,3.514194307991702,0.3296483824922181
1542,3.5385739014893063,0.3394931603733679
1543,3.5109295645929985,0.33121718259330063
1544,3.4842165501390774,0.3109558570290677
1545,3.5354855399040868,0.3278492004310112
1546,3.4770350127884124,0.30930371727223677
1547,3.519343361541789,0.3054847592971236
1548,3.503607891241013,0.30682070236097947
1549,3.5414418473504248,0.3295741647264268
1550,3.485517277937179,0.3100567835788517
1551,3.4869902318104833,0.3133630932940813
1552,3.481354367969566,0.3125259039280487
1553,3.4561016303022307,0.30421168157712847
1554,3.4914012090782993,0.3166356104111357
1555,3.474194702080886,0.31175425296851644
1556,3.457401082365501,0.3071328319539755
1557,3.4173004162014204,0.31676638880390695
1558,3.4001614614123694,0.3198946903025384
1559,3.3964067263270987,0.3121576153291722
1560,3.412391520239987,0.3177378659348382
1561,3.4283616695863595,0.3241240555631771
1562,3.45885610216005,0.3115203520187755
1563,3.4395476451035347,0.31610809921280547
1564,3.440630874938975,0.3173413608429687
1565,3.4261057153801695,0.3138826075207126
1566,3.405823371114106,0.32407332502955233
1567,3.398822498000246,0.3258466421696398
1568,3.379801144933217,0.3236599897862023
1569,3.40065013354393,0.3302719849354251
1570,3.4171087266826237,0.33765766965765176
1571,3.442109536797987,0.3178876100917499
1572,3.3932999524860947,0.31632342966461335
1573,3.421582493047601,0.3258455302298812
1574,3.4159758024668423,0.31890038956718925
1575,3.381503445328426,0.3279884437437683
1576,3.3786556403523744,0.32948635502676404
1577,3.3925216699553564,0.32063508763545523
1578,3.4007453770336347,0.32850881634637863
1579,3.401456775026373,0.3285931318415132
1580,3.4055217664070874,0.3185329268200032
1581,3.416530798016396,0.32349237598313807
1582,3.421001140107641,0.324882465332168
1583,3.408570793591023,0.31578003321774994
1584,3.380280420569053,0.32692018886650953
1585,3.3721775468243527,0.3278759479434753
1586,3.3720363232489525,0.3273486837771117
1587,3.370584519102574,0.32682141961074784
1588,3.369913580335714,0.3262941554443841
1589,3.3594442493961196,0.30768069474341825
1590,3.423466748438392,0.34048330257545967
1591,3.4410736355279594,0.3465343425048825
1592,3.425735070540193,0.3074971971824326
1593,3.382597843609346,0.32024457503798637
1594,3.3836702014450717,0.3231305704462015
1595,3.4192770149435723,0.34269563125119373
1596,3.4379099745780284,0.3507600871359153
1597,3.439952485726668,0.3511316887763691
1598,3.416713359726873,0.3040070307224995
1599,3.3850500551560296,0.31336248953059387
1600,3.3597817959578364,0.31996698544801905
1601,3.387826979044701,0.3091548134484589
1602,3.4311568620581054,0.31891245711529137
1603,3.396529369855796,0.3172984552201499
1604,3.3989540855285933,0.30606192500775026
1605,3.3678429669656977,0.31721476064357984
1606,3.371971973139993,0.31680340044983635
1607,3.386572533933088,0.32552512668398687
1608,3.4275521370950446,0.3400297629188615
1609,3.4307471833275986,0.3407898068233905
1610,3.435196420995351,0.34230798885152147
1611,3.4340000914667352,0.34165751523320875
1612,3.4342861974784418,0.34144284848652884
1613,3.4201043424374524,0.30836469835517527
1614,3.4239282834399667,0.34012313301628927
1615,3.43989049380542,0.3485132124849723
1616,3.3886740539432507,0.2950565676185277
1617,3.3611330856044987,0.3051178979055533
1618,3.341716478629149,0.31120628852997495
1619,3.3761093780627895,0.3011908474718054
1620,3.3807901911262324,0.30818678006511385
1621,3.3796099342085655,0.3103545541073873
1622,3.3905867425063487,0.30007138027094243
1623,3.358049315204135,0.3093975381720713
1624,3.337261954472931,0.30950281968479976
1625,3.3381631358676094,0.30921890821060394
1626,3.3384948007771276,0.308934996736408
1627,3.3380698720220865,0.3086510852622122
1628,3.383170588304282,0.3239851605087189
1629,3.41990315440686,0.3403906713672947
1630,3.4234183835150267,0.3411964957377166
1631,3.3762412264773385,0.3030864670564709
1632,3.368049663489847,0.3050491676564742
1633,3.3906095833432017,0.3067042637248689
1634,3.3729583687615676,0.2926617696435658
1635,3.3317588330576564,0.30605532321242124
1636,3.330952115419823,0.3057308529561975
1637,3.398033378204099,0.3263204708639073
1638,3.4034644605747535,0.33115493379766214
1639,3.422910912194727,0.3400453229912272
1640,3.3815716637003757,0.28762765538675755
1641,3.3549169434962365,0.2979473010170038
1642,3.337397885711444,0.30390570776493825
1643,3.3359529430560264,0.3036217962907423
1644,3.3363030109759326,0.30333788481654644
1645,3.335847168455651,0.3030539733423505
1646,3.3509131471643125,0.2935809166441417
1647,3.387930262419319,0.3024861503939589
1648,3.3618550162938092,0.30220223891976294
1649,3.3671163186724433,0.3019183274455671
1650,3.3672018493010456,0.3016344159713712
1651,3.3670438218303826,0.3013505044971754
1652,3.349190504660463,0.29750071213665075
1653,3.340853785875813,0.30102603424095153
1654,3.3413776815810086,0.30086379911283956
1655,3.338406336999703,0.29791961024537467
1656,3.3733346113292937,0.3005393288566157
1657,3.3559515728785003,0.30037709372850385
1658,3.3595093305278194,0.3002148586003919
1659,3.36634248947888,0.30005262347228
1660,3.363063718542454,0.29989038834416804
1661,3.3533378437114596,0.28587983922254545
1662,3.323891293312689,0.29956591808794425
1663,3.325413039309242,0.2994036829598322
1664,3.3279995974563934,0.29928200661374826
1665,3.3278188476940875,0.2991603302676644
1666,3.327734004472047,0.29903865392158047
1667,3.326819691089149,0.2989169775754964
1668,3.3232000679899034,0.29879530122941245
1669,3.322939897632574,0.2986736248833286
1670,3.330425522969296,0.29855194853724465
1671,3.3301477333233507,0.2984302721911608
1672,3.330041370246807,0.29830859584507685
1673,3.342659239646449,0.29783312450293625
1674,3.353787936748984,0.29806524315290883
1675,3.3421958817922293,0.2979435668068249
1676,3.3767955658527304,0.2881580186656599
1677,3.4081760069165212,0.29761909655060104
1678,3.3770877259035244,0.29745686142248917
1679,3.3681711443510425,0.29224087388643044
1680,3.3577596143448174,0.2971323911662652
1681,3.36070216843368,0.29697015603815335
1682,3.362629401601991,0.29554669291675517
1683,3.332637123609665,0.2966456857819296
1684,3.325634409516333,0.2964834506538177
1685,3.3249773129303746,0.2963212155257057
1686,3.3186242466648133,0.2961589803975937
1687,3.321317065131005,0.29599674526948183
1688,3.390655794646639,0.3188864707726825
1689,3.4012775336064593,0.3250588646822147
1690,3.4229727690379055,0.3345736947297857
1691,3.391488696777677,0.293247124289961
1692,3.3627886425792872,0.2984274219519739
1693,3.3874943545298764,0.2996470356520001
1694,3.3987806426461944,0.2904641547926511
1695,3.353564594245632,0.3005948776010191
1696,3.3356396322013997,0.30147218084325944
1697,3.3789571269416516,0.29122341864928064
1698,3.419494835508628,0.31754174564719395
1699,3.4234466639167582,0.34237914662298646
1700,3.3978153835932696,0.2922453128693924
1701,3.374123939688941,0.30245387540722873
1702,3.3797693497181003,0.30281625156430625
1703,3.3747112300547455,0.303141347477655
1704,3.3823056189891205,0.3034664433910035
1705,3.3792581451771713,0.3037915393043522
1706,3.380010478208117,0.3034447386424368
1707,3.386294285943543,0.3030979379805213
1708,3.3835550401771095,0.3027511373186059
1709,3.4205198479470886,0.3273055910376706
1710,3.469785189374737,0.3408923572006801
1711,3.4404619339091864,0.3368475058435546
1712,3.4222223530606803,0.2910472479151762
1713,3.3773366197297756,0.30109825157308456
1714,3.376660104343524,0.3007920096931972
1715,3.369362524909186,0.29967755075601066
1716,3.359495009428525,0.3001795259334221
1717,3.355201107136744,0.29987328405353464
1718,3.3584564332760216,0.2934498390493962
1719,3.3932015742054547,0.2989493689513603
1720,3.374424394337935,0.29696097197194526
1721,3.364883156997658,0.2931133347910453
1722,3.3524378494931715,0.29692214918882726
1723,3.351602357788965,0.2960427802476796
1724,3.369609871418067,0.29576630566400264
1725,3.362299735441926,0.29481980533628027
1726,3.3620868935872257,0.2940564657962369
1727,3.3814072103699315,0.2833103257760502
1728,3.4174563848639,0.2920230806851114
1729,3.3879593068192415,0.28886281575653505
1730,3.3931553653179907,0.2869960412135128
1731,3.408053833101006,0.28903751358836516
1732,3.4020304003888056,0.2881978190642598
1733,3.42637711000853,0.3100245673297933
1734,3.4427927505835436,0.31677743835068733
1735,3.4459505602155263,0.31745106361758
1736,3.5219727270561982,0.2756354813202351
1737,3.4898336577359963,0.28709135310826295
1738,3.486111713258698,0.28981292075473847
1739,3.468200326922936,0.2845585712801864
1740,3.4916134367505753,0.29268863508985843
1741,3.4951302773359783,0.29345815175987233
1742,3.5513294024580455,0.27386120165149314
1743,3.5006799478713937,0.2869699038971526
1744,3.4761259525481076,0.29023287837593004
1745,3.455461559965804,0.2762794690836521
1746,3.4826185225657333,0.285102225023322
1747,3.4877719425120643,0.286552063655792
1748,3.5094814176898352,0.2962049668244386
1749,3.497427397747936,0.29232204065495176
1750,3.4971793121340644,0.29204755879280014
1751,3.4937240821168136,0.29012924394197215
1752,3.4972303893233976,0.29106721488652937
1753,3.498173283551771,0.2911773509696808
1754,3.5472071429282983,0.27682191673668116
1755,3.5159374747169436,0.28714775468771697
1756,3.5138836610073043,0.2876268852038706
1757,3.4729019747432717,0.28289590306020485
1758,3.482459669681912,0.28626054786566946
1759,3.4983011043616554,0.29152959950373536
1760,3.5275561045021866,0.2922397283702924
1761,3.521137935985665,0.30793149194550884
1762,3.5153262283108924,0.3060072754758422
1763,3.510176842667395,0.2838964963452228
1764,3.4866408478392263,0.2923702316971244
1765,3.4974998144305687,0.29633355356786706
1766,3.49175853644811,0.2891847181497445
1767,3.4967432689870734,0.29147598717764456
1768,3.4998310085152715,0.29270023031943476
1769,3.51529834670586,0.3199348945124098
1770,3.5425000766297874,0.32905651343767894
1771,3.52224862879248,0.32289667577630865
1772,3.4576045112487415,0.2804841708868242
1773,3.473695249786689,0.28603948310896277
1774,3.495439342925485,0.29331850672331794
1775,3.5258873994075186,0.28878604929451607
1776,3.5028682676151743,0.29521063038600875
1777,3.5140860638751095,0.29988766536397893
1778,3.4960406407475184,0.30054002632492016
1779,3.486160214784362,0.29886830331020553
1780,3.4982168450002704,0.30233819518485294
1781,3.495188430163825,0.30140275280925677
1782,3.497479849191696,0.30229960970620545
1783,3.496712863602879,0.30244127638751817
1784,3.468704430460269,0.30279497362079777
1785,3.472959408641332,0.3041885767666984
1786,3.471247059803736,0.30404963507380894
1787,3.4772187467102067,0.31780350654748757
1788,3.5017531419627037,0.32685809469486854
1789,3.504862687022376,0.3281185314548432
1790,3.533019290506174,0.3232103698759611
1791,3.5002231117662497,0.33382279603167475
1792,3.5097163642590568,0.33684120085902386
1793,3.4725345227643185,0.31562215391458304
1794,3.499717364705298,0.3248011184711343
1795,3.502070003394317,0.3255135159992856
1796,3.5198785134254704,0.29812688222780137
1797,3.51228564920226,0.32309486680565236
1798,3.522125347285838,0.3295422797941363
1799,3.4970668104533704,0.2992984793843484
1800,3.4973263687544116,0.3011411379315424
1801,3.4949433401125076,0.30011161692374855
1802,3.4725501221139834,0.299693418026895
1803,3.488718779570455,0.30512513544144043
1804,3.4981336357029464,0.30834103727006407
1805,3.5110400201490344,0.29223459899383397
1806,3.499388259248392,0.30003889952564844
1807,3.4948555344812218,0.29905637098226223
1808,3.491582905076781,0.3126299361749429
1809,3.5029078849994404,0.3166785765574251
1810,3.4964015435071483,0.3147729027880395
1811,3.4493038384266,0.28192066356986795
1812,3.477190620574594,0.2911219893296589
1813,3.4515293224893684,0.2830303669943832
1814,3.520882027122175,0.29433169228554945
1815,3.4998374599332216,0.30027457918542144
1816,3.4915256461294195,0.300316473271982
1817,3.4885091451631864,0.29594001689852656
1818,3.535780810754088,0.31974656000976864
1819,3.509260608699673,0.33379512859057586
1820,3.438462909723288,0.2792580408392624
1821,3.4476612825086215,0.282609356290205
1822,3.4499348360517224,0.2837107770357606
1823,3.5308625688414677,0.29589187731518873
1824,3.5078590755160413,0.32194209563523135
1825,3.5019916056810567,0.32067781002344614
1826,3.4517837037057273,0.28524236138988723
1827,3.4595262730235268,0.2877783940944285
1828,3.4403728541142273,0.2816285705301536
1829,3.4709578179788894,0.2917440853472269
1830,3.4547453189624115,0.28654400965134996
1831,3.464569537931621,0.28975229538937336
1832,3.4601683584407628,0.28806361816342435
1833,3.4652011778608434,0.28962428294488624
1834,3.465470525665392,0.28964662054373086
1835,3.507221820591337,0.3065111959203311
1836,3.4460214224189505,0.28668234329972364
1837,3.4800520474382735,0.2976076303965803
1838,3.44246006968296,0.2825272041689671
1839,3.493147913832469,0.2991993326359754
1840,3.4640498527478045,0.290105205582275
1841,3.4763269268201595,0.29477827256298983
1842,3.4642721941697596,0.2911881597091872
1843,3.4672625792534375,0.2924567540009343
1844,3.4583137090393525,0.2896478431014513
1845,3.425255437163838,0.302471344498299
1846,3.403642834574791,0.3063525417368149
1847,3.3935300907400827,0.2984565618945655
1848,3.401782991684522,0.3012538453501391
1849,3.4161641822234725,0.30662167194159035
1850,3.4774796884643386,0.3172135382405617
1851,3.433562475937079,0.32656062138291675
1852,3.4439728228568476,0.33096846234631827
1853,3.4074328330117254,0.3163626837792186
1854,3.4635732005490207,0.33533040814012316
1855,3.432868312562376,0.32646039450899095
1856,3.425667791425078,0.303869562639004
1857,3.360884359436085,0.30373252318307786
1858,3.398594619195414,0.31429899356160157
1859,3.387579120716194,0.3055843392895813
1860,3.3954779262008308,0.30984732649141206
1861,3.466729559492043,0.3561778178467356
1862,3.462760104707276,0.36125544540020593
1863,3.408487928774331,0.35322005437524595
1864,3.4432114256874056,0.3618391751389998
1865,3.366287422247509,0.31955269547445747
1866,3.3544858213963606,0.3207521943809055
1867,3.3768873101861065,0.32478669151094663
1868,3.3783529819042997,0.3249370898898278
1869,3.4184546393176425,0.3420862113764501
1870,3.40761560312036,0.3405314567845385
1871,3.4231977571853496,0.31901421945390007
1872,3.38582624512873,0.331284048169938
1873,3.3839314823551168,0.33076670193459545
1874,3.3851142792381688,0.33026891608312636
1875,3.363639137074186,0.3297416519167625
1876,3.3722499044766576,0.3292143877503988
1877,3.369993038580399,0.32868712358403507
1878,3.375877470236788,0.32815985941767123
1879,3.3721851475411833,0.3276325952513075
1880,3.3654375539134542,0.3255559090818198
1881,3.397186049261873,0.3345581531667737
1882,3.4223084268047343,0.3442411121793908
1883,3.4421340253849473,0.32944114266207375
1884,3.4277386207619243,0.3527630263243007
1885,3.433733557708157,0.35442393185922416
1886,3.4172672431547464,0.31380719979284843
1887,3.3611926845115545,0.3186862922253592
1888,3.3954653794412177,0.3228872177540336
1889,3.3872545462281285,0.3223599535876699
1890,3.374249650260075,0.32183268942130605
1891,3.3791773583394806,0.3213054252549423
1892,3.394629674069613,0.3134633260672707
1893,3.420355113126101,0.32138654281899837
1894,3.4027577724500633,0.32092408617977997
1895,3.4182286263625894,0.34703500129109177
1896,3.432820041072266,0.35293114863147146
1897,3.434685732156962,0.3534806677650977
1898,3.4354381033503314,0.3537154892695865
1899,3.436220401575121,0.35395805255784796
1900,3.4369320407415684,0.35418233180048986
1901,3.4102767897049078,0.33841804646909224
1902,3.422414578119917,0.3439051719599886
1903,3.4344847039988884,0.3477687441765435
1904,3.410641557654682,0.3073701129252403
1905,3.374663999175082,0.31972251106102695
1906,3.3783471657182473,0.32203548333144605
1907,3.4129041804538764,0.3453323487454642
1908,3.4211672995196625,0.351278548383747
1909,3.434709663501091,0.3558590304492317
1910,3.4082662265691335,0.3045675332474049
1911,3.3721297468866034,0.3200029729885772
1912,3.3594466987033615,0.32252218871578187
1913,3.3662996179804314,0.3224099879103891
1914,3.3753622265410845,0.32268442384389373
1915,3.366694958244497,0.32276554140794966
1916,3.3646644920222206,0.3228061001899777
1917,3.3545946962269753,0.3228466589720057
1918,3.359423464896698,0.32288721775403373
1919,3.388138966871224,0.33721702964213074
1920,3.427038954648949,0.3509906532401733
1921,3.4304198404494812,0.35196179449765574
1922,3.4432448094318637,0.3120165654903791
1923,3.3775207170802024,0.3215092171071093
1924,3.3904690146812198,0.3231305704462015
1925,3.4218867504100468,0.3494515179119905
1926,3.4373204418774326,0.35870934767657064
1927,3.438693383287123,0.359097302948666
